concept,n_with,rate_with,n_without,rate_without,diff,ci_lo,ci_hi,vs_base
volume_climax,2066,0.5498547918683446,16929,0.5007383779313603,0.04911641393698429,-0.02110735468633444,0.12188563874249356,0.04985479186834463
rejection_close,3830,0.5365535248041775,15165,0.4983844378503132,0.038169086953864284,-0.005824251702856048,0.0809626228840901,0.036553524804177506
delta_flip_rev,2484,0.5374396135265701,16511,0.5013627278783841,0.03607688564818601,-0.01168283071679212,0.08697560881005846,0.037439613526570104
delta_with_rev,3553,0.5209681958907965,15442,0.502655096490092,0.01831309940070447,-0.026321579323835744,0.06157684295881987,0.02096819589079646
two_way_tape,12232,0.5120994113799869,6763,0.4951944403371285,0.01690497104285843,-0.024735092330274967,0.05387622362202517,0.012099411379986935
absorption_bigD_smallR,448,0.515625,18547,0.5058500026958538,0.009774997304146216,-0.09015604534778496,0.12449664578888096,0.015625
delta_divergence,2875,0.5133913043478261,16120,0.5047766749379653,0.008614629409860797,-0.04631591535829556,0.06990977118159579,0.013391304347826094
delta_flip_strong,1136,0.5140845070422535,17859,0.5055714205722605,0.008513086469993048,-0.0627076882229953,0.08357919931195315,0.014084507042253502
volume_dry_up,687,0.5021834061135371,18308,0.5062267861044352,-0.004043379990898099,-0.04309893608068305,0.03950628287622351,0.0021834061135370675
delta_against_rev,15433,0.5024298580962872,3562,0.5218978102189781,-0.019467952122690924,-0.06236003132951779,0.025480142076633485,0.002429858096287152
