concept,n,rate_with,rate_without,diff,ci_lo,ci_hi,vs_base
delta_flip_rev,317,0.5110410094637224,0.5057630244352236,0.005277985028498855,-0.06662531420401992,0.07330455167079554,0.01104100946372244
delta_flip_strong,96,0.5104166666666666,0.5062761506276151,0.004140516039051523,-0.12714150169123115,0.12844603995322318,0.01041666666666663
delta_with_rev,420,0.5047619047619047,0.5067763794772507,-0.002014474715345993,-0.06912754604831796,0.072974661097107,0.004761904761904745
delta_against_rev,2065,0.5065375302663438,0.505938242280285,0.0005992879860587941,-0.07520418402283714,0.06776509230029817,0.0065375302663438495
absorption,62,0.6451612903225806,0.5028877887788779,0.14227350154370277,0.00969711658370569,0.27723622571265794,0.14516129032258063
two_way_tape,1646,0.517010935601458,0.4857142857142857,0.031296649887172345,-0.016605226027664274,0.08466019489845723,0.017010935601458055
volume_climax,282,0.5567375886524822,0.5,0.05673758865248224,-0.04086877925326189,0.15548352070321278,0.05673758865248224
volume_dry_up,87,0.5747126436781609,0.503959983326386,0.07075266035177485,-0.0338639705518523,0.17299251672383323,0.07471264367816088
rejection_close,463,0.5442764578833693,0.4977755808205635,0.04650087706280581,-0.030728501383889776,0.1206666290806217,0.04427645788336931
delta_divergence,403,0.5384615384615384,0.500240038406145,0.03822150005539349,-0.009936238177399687,0.0967719443678908,0.038461538461538436
