feature,at_rejection,price_space,lift,ci_lo,ci_hi,n,scope
prior_high,0.023882424984690752,0.02741767181928483,0.8710595539294667,0.6261961991801576,1.1557598163655374,1633,pooled
prior_low,0.01653398652786283,0.019390906563115633,0.8526670207009771,0.5352102919638917,1.18440294985133,1633,pooled
prior_close,0.047764849969381504,0.03683719647146505,1.2966472626759549,1.0359371058449096,1.577221200792982,1633,pooled
poc,0.030006123698714023,0.03156831424755188,0.9505139699070562,0.7042507242722583,1.208405667932543,1633,pooled
va_high,0.032455603184323334,0.031174238599129517,1.0411033161602092,0.7735168807796077,1.3292205204084497,1633,pooled
va_low,0.02694427434170239,0.023749130936233487,1.1345372769238535,0.8182506548274759,1.468939230204023,1633,pooled
week_high,0.015921616656460504,0.019123500445950608,0.8325681117565429,0.5317313334689429,1.169258785862482,1633,pooled
week_low,0.00612369871402327,0.0066936359822930315,0.914853859729235,0.3865051880845304,1.480232458653095,1633,pooled
lvn_bands,0.15370483772198407,0.15667037342893875,0.9810714965309011,0.8792815324310953,1.0894487207243977,1633,pooled
tpo_bands,0.043478260869565216,0.043918569463905245,0.9899744322341396,0.7745064535517789,1.209466522323687,1633,pooled
