feature,era,lift,n,at_rej,space
prior_high,2019-2021,1.12580893613377,554,0.04332129963898917,0.03848015258056335
prior_high,2022-2023,0.8158333612571657,439,0.018223234624145785,0.022336956895296033
prior_high,2024-2025,0.5519008452626725,463,0.012958963282937365,0.023480600535716985
prior_high,2026-2027,0.3600215604572033,177,0.005649717514124294,0.0156927199219667
prior_low,2019-2021,1.0749164558940796,554,0.02707581227436823,0.025188759671417885
prior_low,2022-2023,0.787798165542314,439,0.015945330296127564,0.020240375001572802
prior_low,2024-2025,0.7020797847815244,463,0.01079913606911447,0.01538163653647282
prior_low,2026-2027,0.0,177,0.0,0.009624605748728522
prior_close,2019-2021,1.4019296649580038,554,0.07220216606498195,0.051501988915503005
prior_close,2022-2023,0.840954728948865,439,0.02733485193621868,0.032504546315335364
prior_close,2024-2025,1.6016138404841944,463,0.04967602591792657,0.031016231667246756
prior_close,2026-2027,1.0023291174001585,177,0.01694915254237288,0.016909767708171142
poc,2019-2021,1.0997151761127573,554,0.04693140794223827,0.0426759664335361
poc,2022-2023,0.40456974165734827,439,0.011389521640091117,0.028152183585043074
poc,2024-2025,1.3219581340501223,463,0.0367170626349892,0.027774754501867657
poc,2026-2027,0.37174004880034484,177,0.005649717514124294,0.015198032959743488
va_high,2019-2021,1.1801380944850972,554,0.052346570397111915,0.044356309352043335
va_high,2022-2023,0.9641482003122595,439,0.025056947608200455,0.02598868887592721
va_high,2024-2025,0.5878989540973696,463,0.01511879049676026,0.0257166480589728
va_high,2026-2027,1.9878780630235606,177,0.03389830508474576,0.017052507251469173
va_low,2019-2021,0.9438855324665513,554,0.030685920577617327,0.03251021392120421
va_low,2022-2023,0.9305278164001787,439,0.02050113895216401,0.022031731444068278
va_low,2024-2025,1.5576644889927522,463,0.03023758099352052,0.019412127070492145
va_low,2026-2027,1.8940045282006246,177,0.022598870056497175,0.011931793044849238
week_high,2019-2021,0.8958200732579433,554,0.02527075812274368,0.028209635927043123
week_high,2022-2023,0.7598801889250504,439,0.011389521640091117,0.01498857557558262
week_high,2024-2025,0.783344428065168,463,0.012958963282937365,0.01654312307415721
week_high,2026-2027,0.7347067500475647,177,0.005649717514124294,0.007689758551637824
week_low,2019-2021,1.2947361197896161,554,0.009025270758122744,0.006970741466291429
week_low,2022-2023,0.45841336104264474,439,0.004555808656036446,0.009938210888256884
week_low,2024-2025,1.0184973769654537,463,0.004319654427645789,0.004241203291574414
week_low,2026-2027,1.3470461140327392,177,0.005649717514124294,0.0041941530102561735
lvn_bands,2019-2021,1.0473541921498948,554,0.2003610108303249,0.19130205648868948
lvn_bands,2022-2023,1.0089238858646419,439,0.1571753986332574,0.1557851893837948
lvn_bands,2024-2025,0.8690783419346073,463,0.12526997840172785,0.1441411807856945
lvn_bands,2026-2027,0.8822941146279529,177,0.07344632768361582,0.08324472130768636
tpo_bands,2019-2021,1.1135886878884753,554,0.04693140794223827,0.042144292998545975
tpo_bands,2022-2023,0.836516711281487,439,0.03416856492027335,0.04084624306898713
tpo_bands,2024-2025,1.0599034307077333,463,0.04967602591792657,0.04686844525520236
tpo_bands,2026-2027,0.800961634270928,177,0.03954802259887006,0.04937567657016242
