concept,n,with_,without,diff,ci_lo,ci_hi,sig
delta_divergence,958,0.4989561586638831,0.5,-0.0010438413361169019,-0.044861680273492605,0.04553750595296945,
delta_with_trend,1957,0.5002554931016863,0.4984391259105099,0.0018163671911763934,-0.043247167641028886,0.04750666982785717,
volume_climax,1742,0.4856486796785304,0.5204081632653061,-0.03475948358677572,-0.07695539886357416,0.01217574876671142,
volume_dry_up,30,0.3333333333333333,0.5013850415512465,-0.1680517082179132,-0.3193706259052581,0.04746016197127912,
big_range,1770,0.4971751412429379,0.5034843205574913,-0.0063091793145533814,-0.04919701676476077,0.03722996733423443,
low_abs_delta,310,0.5064516129032258,0.4988496932515337,0.007601919651692102,-0.06425522487402502,0.07770168335505168,
high_abs_delta,1769,0.49406444318824194,0.5082680591818973,-0.014203615993655383,-0.06429612573230647,0.03654464609560282,
fast_approach,1459,0.49280328992460587,0.5065113091158328,-0.013708019191226883,-0.059296564035454746,0.028512640128864553,
slow_approach,1459,0.5065113091158328,0.49280328992460587,0.013708019191226883,-0.034471564832747145,0.05990080311022306,
