rule,param,window,prec,recall,f1,n_bands
local,0.5,50.0,0.9281437125748503,0.5326460481099656,0.6768558951965066,29
local,0.7,50.0,0.6366459627329193,0.7044673539518901,0.6688417618270799,55
local,0.7,30.0,0.6458333333333334,0.6391752577319587,0.6424870466321243,46
global_q,0.35,,0.5231143552311436,0.738831615120275,0.6125356125356125,32
global_q,0.33,,0.5314136125654451,0.697594501718213,0.6032689450222883,38
poc_frac,0.1,,0.5632530120481928,0.6426116838487973,0.6003210272873195,24
global_q,0.4,,0.4784394250513347,0.8006872852233677,0.5989717223650386,41
global_q,0.3,,0.5532544378698225,0.6426116838487973,0.5945945945945947,25
local,0.5,30.0,0.9,0.4329896907216495,0.5846867749419953,32
local,0.9,50.0,0.44672897196261685,0.8213058419243986,0.5786924939467313,72
global_q,0.45,,0.4392857142857143,0.845360824742268,0.5781433607520565,51
local,0.7,20.0,0.6190476190476191,0.5360824742268041,0.574585635359116,52
global_q,0.25,,0.6045627376425855,0.5463917525773195,0.5740072202166063,20
poc_frac,0.15,,0.4197324414715719,0.8625429553264605,0.5646794150731159,46
global_q,0.5,,0.4031496062992126,0.8797250859106529,0.5529157667386609,39
local,0.9,30.0,0.427734375,0.7525773195876289,0.5454545454545454,87
global_q,0.2,,0.6666666666666666,0.43986254295532645,0.5300207039337473,15
poc_frac,0.2,,0.36268068331143233,0.9484536082474226,0.5247148288973384,25
global_q,0.6,,0.35586734693877553,0.9587628865979382,0.5190697674418605,18
poc_frac,0.05,,0.6648648648648648,0.422680412371134,0.5168067226890757,12
local,0.9,20.0,0.3976143141153082,0.6872852233676976,0.5037783375314862,95
global_q,0.15,,0.7985074626865671,0.36769759450171824,0.5035294117647059,23
local,0.5,20.0,0.8672566371681416,0.33676975945017185,0.48514851485148514,24
poc_frac,0.3,,0.3091684434968017,0.9965635738831615,0.4719283970707893,23
local,0.3,50.0,0.972972972972973,0.24742268041237114,0.39452054794520547,11
local,0.9,10.0,0.3271889400921659,0.4879725085910653,0.39172413793103444,114
local,0.7,10.0,0.5592105263157895,0.2920962199312715,0.3837471783295711,50
poc_frac,0.02,,0.9054054054054054,0.23024054982817868,0.36712328767123287,17
local,0.3,30.0,0.9846153846153847,0.21993127147766323,0.3595505617977528,14
local,0.3,20.0,0.9833333333333333,0.2027491408934708,0.33618233618233617,12
local,0.5,10.0,0.8412698412698413,0.18213058419243985,0.2994350282485876,21
local,0.3,10.0,1.0,0.10652920962199312,0.19254658385093165,10
