vol_ratio,rng_ratio,absdelta_ratio,prev_move,approach_speed,two_way,with_trend,against_trend,event_date,zone_date,approach,outcome,rev,resolved,zone_h,i0,zlo,zhi
3.584911717495987,2.129032258064516,0.9786324786324786,81.53032157458074,0.18519096325855933,True,False,True,2026-02-17,2026-02-16,up,up,0,1,8.0,5,24763.25,24771.25
4.70680945645585,4.469387755102041,7.042553191489362,61.40733622636253,0.16310049462513287,True,True,False,2026-02-18,2026-02-17,up,down,1,1,4.25,15,24875.5,24879.75
4.239644372600526,4.428571428571429,10.046808510638298,-8.776409510373924,0.023310516627819185,True,False,True,2026-02-18,2026-02-17,up,up,0,1,5.5,24,24884.0,24889.5
2.4307304785894206,1.3095238095238095,5.78125,-41.19681757139551,0.08247611125404507,True,True,False,2026-03-03,2026-02-17,down,down,0,1,7.5,47,24449.25,24456.75
2.8964385360249465,1.8103448275862069,4.104283054003725,-22.48027421506049,0.10517087352075083,True,True,False,2026-02-19,2026-02-18,down,up,1,1,7.75,230,24752.0,24759.75
3.97940840006537,3.4166666666666665,8.636363636363637,93.55383771403285,0.20216928733448483,True,True,False,2026-02-20,2026-02-18,up,up,0,1,4.5,5,24825.25,24829.75
8.767445661055728,9.666666666666666,18.38961038961039,28.396217202669504,0.061364056623813085,True,True,False,2026-02-20,2026-02-18,up,down,1,1,5.0,31,25042.5,25047.5
1.7100833469521164,1.0277777777777777,1.4978354978354977,71.45839683152008,0.15442117089469493,True,False,True,2026-02-20,2026-02-18,up,down,1,1,15.25,84,25113.25,25128.5
8.767445661055728,9.666666666666666,18.38961038961039,28.396217202669504,0.061364056623813085,True,True,False,2026-02-20,2026-02-19,up,up,0,1,6.0,31,24955.75,24961.75
2.359886777193692,1.5925925925925926,3.9191011235955058,-76.31402477390293,0.20500745406018248,True,True,False,2026-02-23,2026-02-19,down,down,0,1,18.75,88,24748.0,24766.75
2.359886777193692,1.5925925925925926,3.9191011235955058,-76.31402477390293,0.20500745406018248,True,True,False,2026-02-23,2026-02-20,down,down,0,1,5.5,88,24752.5,24758.0
2.0392236150424585,0.9259259259259259,0.46292134831460674,-54.40767301828964,0.14615896042522403,True,False,True,2026-02-23,2026-02-20,down,up,1,1,6.75,86,24758.5,24765.25
5.616255560048524,3.7962962962962963,12.4,-25.42408672532474,0.06829841967850837,True,True,False,2026-02-23,2026-02-20,down,down,0,1,9.75,82,24783.25,24793.0
1.8657501010917914,1.2777777777777777,2.391011235955056,-54.58629602757719,0.1466388073272725,True,True,False,2026-02-23,2026-02-20,down,up,1,1,8.0,74,24816.5,24824.5
6.277142857142858,5.320754716981132,14.53747714808044,9.235051757845213,0.019239691162177528,True,False,True,2026-02-26,2026-02-20,down,up,1,1,6.5,42,25085.25,25091.75
6.277142857142858,5.320754716981132,14.53747714808044,9.235051757845213,0.019239691162177528,True,False,True,2026-02-26,2026-02-20,down,down,0,1,14.5,42,25125.25,25139.75
6.475083914278337,3.717948717948718,0.5219512195121951,224.8511869496433,0.5813863915957164,True,True,False,2026-02-24,2026-02-23,up,down,1,1,4.25,18,24955.25,24959.5
4.522075910147173,3.2564102564102564,6.239024390243903,86.81471376348782,0.22447243377760262,True,True,False,2026-02-24,2026-02-23,up,up,0,1,9.5,56,24960.25,24969.75
3.0374386780273688,1.6666666666666667,4.9365853658536585,17.72987175167873,0.045843236591283074,True,True,False,2026-02-24,2026-02-23,up,up,0,1,8.75,103,25031.25,25040.0
2.4467884130982367,1.619047619047619,7.973958333333333,40.55460568730632,0.08119040177638903,True,True,False,2026-03-03,2026-02-23,up,up,0,1,12.0,135,24667.75,24679.75
3.969642857142857,2.3207547169811322,1.6709323583180986,-183.40109105973534,0.3820856063744486,True,True,False,2026-02-26,2026-02-24,down,down,0,1,15.0,49,24957.75,24972.75
3.7232142857142856,2.1320754716981134,4.881170018281535,-73.57715929013648,0.15328574852111768,True,True,False,2026-02-26,2026-02-24,down,down,0,1,10.5,44,25070.25,25080.75
4.409754422119183,3.2033898305084745,10.819964349376114,-11.649616215116112,0.04537338350580764,True,True,False,2026-02-27,2026-02-24,down,up,1,1,4.5,13,24780.25,24784.75
1.3570528967254407,1.25,2.7395833333333335,44.29940081777386,0.08868748912467239,True,True,False,2026-03-03,2026-02-24,up,up,0,1,4.5,232,24750.25,24754.75
4.567142857142857,2.358490566037736,1.5356489945155394,-33.25048723263535,0.06927184840132365,True,True,False,2026-02-26,2026-02-25,down,down,0,1,5.25,4,25262.0,25267.25
3.1951287019097703,1.9444444444444444,7.246819338422392,32.75796949180585,0.0761370586677649,True,True,False,2026-04-13,2026-02-25,up,down,1,1,7.25,88,25353.5,25360.75
4.7041239966786605,4.472222222222222,6.931297709923665,34.12238453017926,0.07930827316718016,True,True,False,2026-04-13,2026-02-25,up,down,1,1,4.5,183,25405.25,25409.75
3.4652643232770552,4.972222222222222,6.249363867684479,29.100889843390178,0.06763716407528222,True,True,False,2026-04-13,2026-02-25,up,down,1,1,9.5,185,25410.25,25419.75
3.4652643232770552,4.972222222222222,6.249363867684479,29.100889843390178,0.06763716407528222,True,True,False,2026-04-13,2026-02-25,up,down,1,1,4.5,185,25420.25,25424.75
6.292831442014946,4.722222222222222,8.335877862595419,-2.5255021707234846,0.005869848159729191,True,False,True,2026-04-13,2026-02-25,up,up,0,1,4.75,380,25490.25,25495.0
4.132052821128451,1.4893617021276595,0.5667752442996743,108.44407573760327,0.26875855201388665,True,True,False,2026-03-04,2026-02-26,up,up,0,1,13.75,57,25111.0,25124.75
1.9639855942376951,1.7446808510638299,6.710097719869707,16.401284260024113,0.040647544634508335,True,True,False,2026-03-04,2026-02-26,up,down,1,1,9.5,240,25180.25,25189.75
3.82064766122336,3.6944444444444446,7.7251908396946565,80.42386775258637,0.18692357409084573,True,True,False,2026-04-13,2026-02-26,up,down,1,1,9.25,29,25305.5,25314.75
3.9189295552931918,2.1964285714285716,0.6711409395973155,107.75337332136041,0.2177935792245789,True,False,True,2026-03-02,2026-02-27,up,up,0,1,6.5,3,24793.25,24799.75
2.3935458480913026,1.7857142857142858,0.09843400447427293,102.96886426427591,0.2081230202410832,True,False,True,2026-03-02,2026-02-27,up,down,1,1,7.5,137,25029.25,25036.75
2.4467884130982367,1.619047619047619,7.973958333333333,40.55460568730632,0.08119040177638903,True,True,False,2026-03-03,2026-03-02,up,up,0,1,6.5,135,24666.25,24672.75
2.8938916876574305,2.4404761904761907,8.473958333333334,41.1882146136486,0.0824588881154126,True,True,False,2026-03-03,2026-03-02,up,down,1,1,6.5,136,24703.25,24709.75
4.796638655462185,3.1914893617021276,13.726384364820847,100.04202538944446,0.24793562673963931,True,True,False,2026-03-04,2026-03-02,up,up,0,1,7.25,56,25092.75,25100.0
1.4021384021384022,0.8192771084337349,1.704057279236277,-30.02732048299731,0.06914754285088615,True,True,False,2026-03-05,2026-03-03,down,up,1,1,4.5,192,24845.25,24849.75
2.859621724796113,3.161764705882353,4.1658536585365855,-100.0878743571484,0.13493478174202683,True,True,False,2026-03-09,2026-03-03,down,up,1,1,7.0,15,24350.75,24357.75
2.147145583897276,2.323529411764706,8.84390243902439,8.025188895564497,0.01081926376213616,True,True,False,2026-03-09,2026-03-03,up,down,1,1,5.5,153,24660.25,24665.75
1.6058806058806059,1.6506024096385543,1.4749403341288783,-49.24065983619221,0.11339242334183583,True,True,False,2026-03-05,2026-03-04,down,down,0,1,9.5,198,24820.25,24829.75
2.2367092367092365,0.9759036144578314,1.331742243436754,41.54312191197823,0.09566637170288597,True,True,False,2026-03-05,2026-03-04,up,up,0,1,10.5,4,25088.25,25098.75
2.128304128304128,1.0240963855421688,1.2410501193317423,67.09089949353438,0.15449832928850749,True,True,False,2026-03-05,2026-03-04,up,up,0,1,11.5,28,25173.25,25184.75
2.9134131528717684,2.235294117647059,0.5804878048780487,86.31970051983444,0.11637303743826685,True,True,False,2026-03-09,2026-03-04,up,down,1,1,8.0,368,25017.75,25025.75
2.9134131528717684,2.235294117647059,0.5804878048780487,86.31970051983444,0.11637303743826685,True,True,False,2026-03-09,2026-03-04,up,down,1,1,5.5,368,25034.25,25039.75
0.9496062992125984,0.7910447761194029,2.399092970521542,17.514815030921454,0.05385031523726812,True,True,False,2026-03-10,2026-03-04,up,down,1,1,6.75,238,25210.25,25217.0
2.637619853355894,2.229299363057325,5.910798122065728,-18.718857891439256,0.05923689206151663,True,False,True,2026-03-06,2026-03-05,up,up,0,1,17.25,43,24774.0,24791.25
1.068976377952756,1.0,4.480725623582766,46.81069061543894,0.14392218482840566,True,True,False,2026-03-10,2026-03-05,up,up,0,1,4.5,89,25150.25,25154.75
1.0551181102362204,0.8507462686567164,3.6643990929705215,36.75430244130621,0.1130032357918715,True,True,False,2026-03-10,2026-03-05,up,down,1,1,8.0,234,25200.25,25208.25
2.0142287003296895,1.2647058823529411,3.8829268292682926,20.641837752689753,0.027828564546935965,True,True,False,2026-03-09,2026-03-06,up,down,1,1,11.0,105,24608.75,24619.75
2.6212042339059516,2.073529411764706,3.0,209.65456874190932,0.2826485591397497,True,True,False,2026-03-09,2026-03-06,up,up,0,1,9.25,357,24900.25,24909.5
2.6212042339059516,2.073529411764706,3.0,209.65456874190932,0.2826485591397497,True,True,False,2026-03-09,2026-03-06,up,up,0,1,5.75,357,24915.25,24921.0
4.106191144059307,2.338709677419355,2.1777777777777776,-78.40019819119698,0.25600064715492893,True,True,False,2026-03-11,2026-03-09,down,up,1,1,4.25,248,24889.0,24893.25
1.0438451660245827,1.3533834586466165,4.1846965699208445,-17.306295371075976,0.05446513098686381,True,True,False,2026-03-12,2026-03-09,down,up,1,1,8.5,401,24520.25,24528.75
1.9432719905453317,1.25,2.605,-47.933314256377344,0.1017152557164506,True,True,False,2026-03-13,2026-03-09,down,up,1,1,4.0,133,24410.25,24414.25
3.584669930778322,2.203125,5.67,-50.6203895966828,0.10741727235370355,True,True,False,2026-03-13,2026-03-09,down,down,0,1,7.5,86,24512.25,24519.75
2.6300435688577384,1.0923076923076922,3.0091743119266057,-99.64744528334995,0.1915376170751561,True,True,False,2026-03-20,2026-03-09,down,down,0,1,12.5,27,24313.25,24325.75
2.5774393909036264,1.096774193548387,6.2024691358024695,-42.79237377622121,0.1397302000856203,True,True,False,2026-03-11,2026-03-10,down,up,1,1,7.25,138,24892.5,24899.75
2.9356842316169103,2.870967741935484,9.837037037037037,24.948208176243497,0.08146353690201959,True,False,True,2026-03-11,2026-03-10,down,down,0,1,4.25,119,24935.5,24939.75
3.4358652437748485,2.347826086956522,7.658848614072495,41.31774973751453,0.13200559021570138,True,True,False,2026-04-09,2026-03-10,up,up,0,1,4.75,151,25200.25,25205.0
3.2328640664666515,2.4727272727272727,11.093484419263456,-6.397797006247856,0.014707579324707716,True,True,False,2026-03-18,2026-03-11,down,down,0,1,4.5,55,24873.75,24878.25
1.4470343872605584,0.9818181818181818,0.9008498583569405,-33.49618548331273,0.07700272524899478,True,False,True,2026-03-18,2026-03-11,down,up,1,1,8.5,53,24885.25,24893.75
3.5241682360326427,1.934782608695652,4.388059701492537,17.598433476225182,0.056225027080591634,True,True,False,2026-04-09,2026-03-11,up,down,1,1,4.5,138,25160.25,25164.75
3.3716022286003713,2.203125,6.185,100.9988147159238,0.21432109223538207,True,True,False,2026-03-13,2026-03-12,up,down,1,1,8.25,15,24791.5,24799.75
4.762058619893838,3.4,6.407932011331445,-27.073684208578925,0.06223835450248029,True,True,False,2026-03-18,2026-03-12,down,down,0,1,8.75,56,24826.0,24834.75
4.13096996553422,2.339622641509434,6.357976653696498,35.729024308675434,0.16695805751717493,True,True,False,2026-03-16,2026-03-13,up,down,1,1,4.0,3,24703.75,24707.75
6.79862136878385,6.622641509433962,18.879377431906615,-7.554032272655604,0.03529921622736264,False,False,True,2026-03-16,2026-03-13,up,down,1,1,6.25,339,24772.25,24778.5
6.547513540128016,3.6792452830188678,0.3657587548638132,43.8588114476006,0.20494771704486262,True,True,False,2026-03-16,2026-03-13,up,down,1,1,4.75,340,24800.25,24805.0
0.9706900530810062,1.1636363636363636,1.6373937677053825,-26.58481526959804,0.06111451786114492,True,True,False,2026-03-18,2026-03-13,down,down,0,1,4.5,416,24580.75,24585.25
0.908839141472421,1.4727272727272727,2.6118980169971673,-16.9177219642188,0.0388913148602731,True,True,False,2026-03-18,2026-03-13,down,down,0,1,6.5,395,24633.25,24639.75
2.5296457662436067,1.2,2.5642201834862384,-67.84251876357303,0.13040368815679582,True,True,False,2026-03-20,2026-03-13,down,up,1,1,4.0,23,24336.75,24340.75
3.237355559765107,1.4461538461538461,2.811926605504587,-15.070383285230491,0.02896757959679095,True,True,False,2026-03-20,2026-03-13,down,up,1,1,10.75,21,24343.75,24354.5
0.477729056081237,0.8727272727272727,0.17563739376770537,-35.89301373125636,0.08251267524426749,True,False,True,2026-03-18,2026-03-16,down,up,1,1,8.5,403,24612.25,24620.75
5.810816049622019,3.693877551020408,5.712158808933003,-51.99606362282793,0.15986491505865622,True,True,False,2026-04-08,2026-03-17,down,up,1,1,8.5,86,24946.0,24954.5
3.6898623764295406,1.7959183673469388,0.32754342431761785,-86.66004192902619,0.26644132799085685,True,False,True,2026-04-08,2026-03-17,down,down,0,1,4.0,10,25110.5,25114.5
1.8306589279617618,1.1,2.3251670378619154,62.83886471418373,0.17110650705019395,True,True,False,2026-03-19,2026-03-18,up,down,1,1,4.0,96,24564.0,24568.0
4.302492318197337,4.257142857142857,7.2071269487750556,159.40018402119676,0.43403726077929683,True,True,False,2026-03-19,2026-03-18,up,up,0,1,8.75,336,24631.0,24639.75
2.612134134522194,1.510204081632653,6.044665012406948,-29.52685384799406,0.0907820256663922,True,True,False,2026-04-08,2026-03-18,down,up,1,1,8.75,82,24990.25,24999.0
1.8973290395908315,1.1538461538461537,2.669724770642202,-111.64910354865424,0.21460663824825418,True,True,False,2026-03-20,2026-03-19,down,down,0,1,9.25,26,24324.25,24333.5
4.481909452547831,3.476923076923077,11.073394495412844,37.82007238026563,0.0726959584435668,True,False,True,2026-03-20,2026-03-19,down,down,0,1,5.0,20,24371.75,24376.75
1.8655199374511338,1.1608391608391608,2.981432360742706,34.80111562601087,0.09039250811950875,True,True,False,2026-03-23,2026-03-19,up,down,1,1,4.0,23,24600.75,24604.75
1.6606724003127444,1.8181818181818181,2.8647214854111405,19.964026413501415,0.051854614061042636,True,True,False,2026-03-23,2026-03-19,up,down,1,1,6.5,32,24605.25,24611.75
2.5512118842845974,1.5104895104895104,2.5358090185676394,68.30836715518672,0.17742433027321225,True,True,False,2026-03-23,2026-03-19,up,down,1,1,15.0,53,24676.5,24691.5
2.344409695074277,2.167832167832168,3.612732095490716,-90.20437933849826,0.23429708919090456,True,True,False,2026-03-23,2026-03-20,down,up,1,1,12.75,148,24368.5,24381.25
3.2920022476119124,2.28,5.2314410480349345,-62.29892318749262,0.15084485033291192,True,True,False,2026-03-24,2026-03-20,down,up,1,1,18.0,11,24150.25,24168.25
2.9717175501030155,2.56,7.689956331877729,-8.990322934077994,0.021768336402125894,True,True,False,2026-03-24,2026-03-20,down,down,0,1,13.75,9,24216.25,24230.0
2.2660250240615976,1.0701754385964912,4.889795918367347,-18.128935107426514,0.03782772062060827,True,True,False,2026-03-26,2026-03-20,down,up,1,1,5.25,199,23970.75,23976.0
11.92785485592316,10.032786885245901,4.804255319148936,88.98255775839425,0.1508818274835002,True,True,False,2026-04-02,2026-03-20,up,up,0,1,4.0,66,24115.25,24119.25
5.921132897603486,1.9831932773109244,2.8627450980392157,-123.03751282430312,0.5153403678504843,True,True,False,2026-03-25,2026-03-23,down,up,1,1,6.0,107,24305.0,24311.0
6.140305010893246,3.142857142857143,9.994397759103641,-63.813848266523564,0.26728313410062227,True,True,False,2026-03-25,2026-03-24,down,down,0,1,11.5,20,24383.5,24395.0
3.781936887921654,2.2135922330097086,5.440559440559441,25.521424504309834,0.08353985107793727,True,True,False,2026-04-01,2026-03-24,up,up,0,1,7.0,3,24134.75,24141.75
2.016539717083787,1.4757281553398058,0.11655011655011654,6.73062341370678,0.022031500535865074,True,False,True,2026-04-01,2026-03-25,up,down,1,1,5.5,127,24287.25,24292.75
5.841942604856512,5.834482758620689,12.744186046511627,166.57412686440148,0.2792525177944702,True,True,False,2026-03-31,2026-03-26,up,up,0,1,14.25,191,23762.0,23776.25
0.7785136129506991,0.7172413793103448,0.5454545454545454,22.451716718620446,0.037639089218139896,True,True,False,2026-03-31,2026-03-26,up,down,1,1,5.0,351,23903.25,23908.25
1.2456217807211185,1.4344827586206896,4.2283298097251585,12.915779124803521,0.021652605406208753,True,True,False,2026-03-31,2026-03-26,up,down,1,1,4.5,376,23929.25,23933.75
3.781936887921654,2.2135922330097086,5.440559440559441,25.521424504309834,0.08353985107793727,True,True,False,2026-04-01,2026-03-26,up,up,0,1,4.5,3,24140.25,24144.75
7.034167573449402,5.592233009708738,13.58041958041958,-12.20709591087143,0.03995776075571663,True,False,True,2026-04-01,2026-03-26,up,down,1,1,11.0,69,24230.25,24241.25
5.446744930629669,3.7540983606557377,12.038297872340426,-14.848873689152242,0.025178251274526903,True,False,True,2026-04-02,2026-03-26,up,up,0,1,4.75,63,24018.25,24023.0
2.392843547773125,2.491228070175439,4.85140562248996,-18.076016442770197,0.035184460229236394,True,True,False,2026-03-30,2026-03-27,down,down,0,1,8.75,225,23231.0,23239.75
3.625428245146555,2.982456140350877,6.714859437751004,-70.33505133759536,0.136905209416244,True,True,False,2026-03-30,2026-03-27,down,down,0,1,8.5,10,23404.75,23413.25
3.376855728968405,1.8421052631578947,1.4176706827309238,-37.58280671566172,0.07315388168498631,True,True,False,2026-03-30,2026-03-27,down,down,0,1,4.25,6,23428.0,23432.25
3.3974981604120678,3.3793103448275863,8.866807610993657,44.15025431285903,0.07401551435517022,True,True,False,2026-03-31,2026-03-27,up,up,0,1,4.0,189,23645.75,23649.75
3.3974981604120678,3.3793103448275863,8.866807610993657,44.15025431285903,0.07401551435517022,True,True,False,2026-03-31,2026-03-27,up,up,0,1,9.5,189,23654.75,23664.25
3.2520811099252933,2.622950819672131,2.825531914893617,92.44999707206807,0.1567613345859569,True,True,False,2026-04-02,2026-03-31,up,up,0,1,4.5,27,23870.25,23874.75
4.356883671291356,3.1147540983606556,4.25531914893617,71.88053380831843,0.12188305859825084,True,True,False,2026-04-02,2026-03-31,up,up,0,1,6.0,46,23962.75,23968.75
4.941728922091782,4.704918032786885,11.353191489361702,44.948253464201116,0.07621577526782725,True,True,False,2026-04-02,2026-04-01,up,up,0,1,11.75,65,24050.25,24062.0
8.749199573105656,6.590163934426229,4.634042553191489,187.16586221840043,0.31736475153607535,True,True,False,2026-04-02,2026-04-01,up,down,1,1,4.5,67,24245.25,24249.75
4.404005524861878,7.323076923076923,10.216981132075471,22.38572028171984,0.04389356917984283,True,True,False,2026-04-07,2026-04-01,up,down,1,1,8.25,375,24327.25,24335.5
6.876103961645218,5.878787878787879,13.114666666666666,45.77262663624788,0.18272505643212725,True,False,True,2026-04-06,2026-04-02,down,up,1,1,9.75,6,24258.0,24267.75
2.953038674033149,1.676923076923077,3.7358490566037736,-126.39653060519049,0.24783633451998135,True,True,False,2026-04-07,2026-04-02,down,up,1,1,5.75,38,23992.25,23998.0
2.953038674033149,1.676923076923077,3.7358490566037736,-126.39653060519049,0.24783633451998135,True,True,False,2026-04-07,2026-04-02,down,up,1,1,6.75,38,24000.75,24007.5
5.065953038674033,3.1384615384615384,10.495283018867925,-126.820244005321,0.24866714510847254,True,True,False,2026-04-07,2026-04-02,down,down,0,1,6.25,36,24043.25,24049.5
5.065953038674033,3.1384615384615384,10.495283018867925,-126.820244005321,0.24866714510847254,True,True,False,2026-04-07,2026-04-02,down,down,0,1,9.25,36,24050.25,24059.5
3.4358652437748485,2.347826086956522,7.658848614072495,41.31774973751453,0.13200559021570138,True,True,False,2026-04-09,2026-04-08,up,up,0,1,4.25,151,25205.0,25209.25
3.4358652437748485,2.347826086956522,7.658848614072495,41.31774973751453,0.13200559021570138,True,True,False,2026-04-09,2026-04-08,up,up,0,1,7.25,151,25210.5,25217.75
3.199809931100024,1.564102564102564,2.43609022556391,-19.024928254191764,0.11093252626350883,True,True,False,2026-04-10,2026-04-09,down,down,0,1,16.0,145,25257.25,25273.25
5.066150013838915,3.0277777777777777,5.516539440203562,39.955250344239175,0.09286519545436182,True,True,False,2026-04-13,2026-04-10,up,up,0,1,10.25,179,25379.5,25389.75
3.91016548463357,2.765957446808511,2.946564885496183,-58.86222407823152,0.20509485741544084,True,True,False,2026-04-16,2026-04-15,down,up,1,1,7.25,24,26285.25,26292.5
4.553918894344426,2.25531914893617,2.7206106870229005,-29.164537058473798,0.10161859602255678,True,True,False,2026-04-16,2026-04-15,down,down,0,1,6.5,22,26324.25,26330.75
4.460632029994644,1.9736842105263157,3.7830802603036875,-30.227508963693253,0.11761676639569359,True,True,False,2026-04-20,2026-04-17,down,up,1,1,7.5,19,26717.25,26724.75
2.071339173967459,0.8547008547008547,1.9115044247787611,26.81432032966768,0.08046307675819259,True,True,False,2026-04-21,2026-04-17,up,down,1,1,6.75,47,26876.25,26883.0
4.4095913873256665,3.1707317073170733,2.0754716981132075,-22.07199550929363,0.06683420290474983,True,True,False,2026-04-22,2026-04-20,down,up,1,1,13.25,3,26812.75,26826.0
2.912552653748947,2.442622950819672,2.111111111111111,-93.7632128260484,0.19698153955052186,True,True,False,2026-04-23,2026-04-21,down,up,1,1,5.5,229,26872.5,26878.0
2.912552653748947,2.442622950819672,2.111111111111111,-93.7632128260484,0.19698153955052186,True,True,False,2026-04-23,2026-04-21,down,up,1,1,6.5,229,26878.5,26885.0
3.4213984835720304,2.7540983606557377,4.275985663082437,-45.63630440116685,0.09587458907808162,True,True,False,2026-04-23,2026-04-22,down,down,0,1,12.0,251,26807.75,26819.75
2.912552653748947,2.442622950819672,2.111111111111111,-93.7632128260484,0.19698153955052186,True,True,False,2026-04-23,2026-04-22,down,up,1,1,4.0,229,26875.25,26879.25
2.3218197135636056,2.2459016393442623,6.752688172043011,-74.39560937229908,0.1562932970006283,True,True,False,2026-04-23,2026-04-22,down,down,0,1,8.5,225,26915.25,26923.75
2.5772535804549284,2.9344262295081966,1.189964157706093,-102.94466332513184,0.21627030110321815,True,True,False,2026-04-23,2026-04-22,down,up,1,1,4.0,222,26924.25,26928.25
1.9555181128896377,1.0491803278688525,0.8566308243727598,58.46042191094239,0.1228160124179462,True,False,True,2026-04-23,2026-04-22,up,down,1,1,11.75,11,27055.75,27067.5
1.5973041280539175,1.0,3.7777777777777777,10.817234231282782,0.02272528199849324,True,True,False,2026-04-23,2026-04-22,up,up,0,1,9.75,107,27128.25,27138.0
1.9981789210106988,1.5833333333333333,1.0969162995594715,-26.351598558354453,0.10777749921617363,True,True,False,2026-04-28,2026-04-22,down,up,1,1,4.5,139,27005.25,27009.75
4.99744126541056,3.3488372093023258,7.774774774774775,-32.152034837188694,0.09662519860913206,True,True,False,2026-04-24,2026-04-23,down,up,1,1,5.75,25,27150.25,27156.0
2.99790004199916,3.1206896551724137,0.35476718403547675,-221.50609235552838,0.6879071191165478,True,False,True,2026-04-29,2026-04-23,down,up,1,1,6.5,405,27113.25,27119.75
7.591825307950728,5.176470588235294,12.169590643274853,-10.714191257702623,0.06945991090893111,True,True,False,2026-04-27,2026-04-24,down,up,1,1,6.5,17,27343.25,27349.75
4.558230683090706,3.2058823529411766,0.47368421052631576,-3.096519007536699,0.020074677520497238,True,True,False,2026-04-27,2026-04-24,down,down,0,1,7.0,16,27350.25,27357.25
2.3947368421052633,1.8529411764705883,0.6374269005847953,18.0560464142618,0.11705702699683501,True,True,False,2026-04-27,2026-04-24,up,up,0,1,6.5,380,27442.25,27448.75
2.0499790004199916,0.8793103448275862,3.29490022172949,46.117387671169126,0.14322170084214014,True,True,False,2026-04-29,2026-04-24,up,up,0,1,8.25,64,27280.25,27288.5
1.141357822236799,0.7768595041322314,4.493392070484582,-58.63353267410275,0.06516647143551292,True,True,False,2026-07-29,2026-04-24,down,down,0,1,10.5,154,27452.25,27462.75
1.378594074559965,0.9338842975206612,2.436123348017621,-32.21988431640057,0.035809818634510215,True,False,True,2026-07-29,2026-04-27,down,up,1,1,7.5,165,27410.75,27418.25
1.666994643052367,1.1818181818181819,3.2599118942731278,-41.69353316150227,0.04633901990719897,True,True,False,2026-07-29,2026-04-27,down,down,0,1,10.5,155,27441.75,27452.25
2.99790004199916,3.1206896551724137,0.35476718403547675,-221.50609235552838,0.6879071191165478,True,False,True,2026-04-29,2026-04-28,down,up,1,1,6.25,405,27113.5,27119.75
2.868962620747585,3.1379310344827585,0.9623059866962306,-216.30133142092382,0.671743265282372,True,True,False,2026-04-29,2026-04-28,down,up,1,1,4.0,404,27120.25,27124.25
2.6892062158756826,1.1206896551724137,2.3902439024390243,39.557967218665,0.12285082987163043,True,True,False,2026-04-29,2026-04-28,up,down,1,1,5.25,25,27230.25,27235.5
2.1852162956740866,1.2758620689655173,6.682926829268292,21.43092633473134,0.06655567184699174,True,True,False,2026-04-29,2026-04-28,up,up,0,1,4.5,53,27236.0,27240.5
1.9029819403611927,0.9482758620689655,2.203991130820399,22.87734428270778,0.07104765305188752,True,True,False,2026-04-29,2026-04-28,up,up,0,1,5.5,54,27241.75,27247.25
1.378594074559965,0.9338842975206612,2.436123348017621,-32.21988431640057,0.035809818634510215,True,False,True,2026-07-29,2026-04-29,down,up,1,1,4.0,165,27407.0,27411.0
7.310841390660358,3.9047619047619047,6.738219895287958,-64.45193743934942,0.1972515300362645,True,True,False,2026-05-04,2026-04-30,down,up,1,1,6.25,158,27618.25,27624.5
1.141357822236799,0.7768595041322314,4.493392070484582,-58.63353267410275,0.06516647143551292,True,True,False,2026-07-29,2026-04-30,down,down,0,1,12.0,154,27456.5,27468.5
1.8545971356728983,1.4958677685950412,10.92511013215859,12.307471861884551,0.01367876839331431,True,False,True,2026-07-29,2026-04-30,down,down,0,1,6.25,144,27502.25,27508.5
2.1209139608614844,1.4462809917355373,6.484581497797357,-4.771988385698933,0.005303682562599536,True,True,False,2026-07-29,2026-04-30,down,up,1,1,4.5,70,27527.75,27532.25
2.1209139608614844,1.4462809917355373,6.484581497797357,-4.771988385698933,0.005303682562599536,True,True,False,2026-07-29,2026-04-30,down,up,1,1,5.5,70,27535.25,27540.75
7.310841390660358,3.9047619047619047,6.738219895287958,-64.45193743934942,0.1972515300362645,True,True,False,2026-05-04,2026-05-01,down,up,1,1,6.5,158,27615.0,27621.5
3.4462044846739355,2.9714285714285715,8.55497382198953,-28.913747764348955,0.08848889904926995,True,True,False,2026-05-04,2026-05-01,down,up,1,1,13.25,130,27705.25,27718.5
3.349105122402798,1.8476190476190477,9.38219895287958,0.9953967868204927,0.0030463558892746523,True,True,False,2026-05-04,2026-05-01,up,down,1,1,9.5,42,27900.25,27909.75
3.349105122402798,1.8476190476190477,9.38219895287958,0.9953967868204927,0.0030463558892746523,True,True,False,2026-05-04,2026-05-01,up,down,1,1,5.0,42,27910.25,27915.25
4.782495526272979,2.324675324675325,5.733031674208145,-61.48909088385335,0.12904321276779296,True,True,False,2026-07-28,2026-05-04,down,up,1,1,6.5,44,27614.25,27620.75
4.878477306002928,2.012987012987013,2.1990950226244346,-168.76964172545195,0.3541860267060901,True,True,False,2026-07-28,2026-05-04,down,down,0,1,4.5,16,27685.25,27689.75
3.7364568081991214,1.5324675324675325,4.579185520361991,-125.68290494158282,0.26376265465180027,True,True,False,2026-07-28,2026-05-04,down,down,0,1,7.5,9,27802.25,27809.75
3.265658044574589,1.896103896103896,1.244343891402715,-110.16555619600695,0.2311973897083042,True,True,False,2026-07-28,2026-05-04,down,down,0,1,4.0,8,27812.25,27816.25
4.988034188034188,2.973333333333333,0.12380952380952381,18.00824138871758,0.030177195456585804,True,False,True,2026-07-30,2026-05-04,up,down,1,1,8.5,6,27911.25,27919.75
1.9754627033090297,2.71875,3.480193236714976,-128.31906039215392,0.07922152208189777,True,True,False,2026-06-09,2026-05-05,down,up,1,1,4.5,189,28240.25,28244.75
4.46026445839455,3.2386363636363638,7.055299539170507,-69.8393112242411,0.10293192516468844,True,True,False,2026-07-27,2026-05-05,down,down,0,1,8.25,71,27970.5,27978.75
2.8614932549752905,1.2727272727272727,0.4423963133640553,-106.47033062865376,0.1569201630488633,True,True,False,2026-07-27,2026-05-05,down,down,0,1,5.75,56,28151.25,28157.0
5.058594293667363,3.654135338345865,6.9397993311036785,7.576428797798144,0.019352308551208543,True,False,True,2026-05-07,2026-05-06,down,down,0,1,5.25,236,28607.25,28612.5
1.969937369519833,1.2030075187969924,0.32441471571906355,-69.75443175393957,0.17817223947366428,True,True,False,2026-05-07,2026-05-06,down,down,0,1,6.25,229,28619.25,28625.5
5.087265135699374,3.8345864661654137,7.832775919732441,-65.07067411967364,0.16620861844105655,True,True,False,2026-05-07,2026-05-06,down,up,1,1,4.75,165,28663.0,28667.75
3.6275370268787714,2.2,5.701842546063651,-91.23544111462252,0.1969464460110578,True,True,False,2026-05-19,2026-05-06,down,down,0,1,4.0,44,28733.25,28737.25
1.7893998878295008,1.20625,0.34782608695652173,-129.3714999768381,0.0798712764172484,True,False,True,2026-06-09,2026-05-06,down,down,0,1,6.5,167,28500.25,28506.75
2.4340861765176998,1.8620689655172413,0.44919786096256686,-71.76965410647608,0.12943129685568275,True,True,False,2026-05-12,2026-05-07,down,up,1,1,5.75,150,28814.0,28819.75
1.4495232753785754,1.70625,3.3661835748792273,-117.30663936676865,0.07242268212178957,True,True,False,2026-06-09,2026-05-07,down,down,0,1,4.25,165,28566.0,28570.25
6.407243816254417,4.9787234042553195,12.418181818181818,-103.72572482421674,0.44422151958979333,True,True,False,2026-05-11,2026-05-08,down,up,1,1,4.0,61,29250.25,29254.25
2.169790164984783,1.6137931034482758,0.5597147950089126,-96.05034070360853,0.17321973075492972,True,True,False,2026-05-12,2026-05-08,down,up,1,1,4.5,115,28863.5,28868.0
1.929521063591222,1.4068965517241379,5.336898395721925,-80.69262996048565,0.14552322806219234,True,True,False,2026-05-12,2026-05-08,down,down,0,1,4.25,113,28900.25,28904.5
2.4725292327406696,1.5310344827586206,0.5133689839572193,-59.712477249449876,0.10768706447150564,True,False,True,2026-05-12,2026-05-08,down,up,1,1,4.75,107,28918.0,28922.75
2.0336376741950986,1.0344827586206897,1.7825311942959001,-28.538218953832256,0.051466580620076204,True,True,False,2026-05-12,2026-05-08,down,up,1,1,9.5,89,29000.25,29009.75
3.9176677879224733,1.6827586206896552,0.6381461675579323,-147.7832790644352,0.26651628325416626,True,True,False,2026-05-12,2026-05-08,down,up,1,1,4.75,61,29033.5,29038.25
3.3512734262373858,1.8758620689655172,1.8431372549019607,-80.12738292134236,0.14450384656689336,True,True,False,2026-05-12,2026-05-08,down,up,1,1,4.0,29,29121.75,29125.75
4.379897435897436,1.5208333333333333,1.2542372881355932,-59.93084927777454,0.12230785566892763,True,False,True,2026-05-13,2026-05-08,down,up,1,1,5.25,8,29183.5,29188.75
1.5323076923076924,1.0625,2.4279661016949152,34.14401390257626,0.06968166102566584,True,True,False,2026-05-13,2026-05-08,up,up,0,1,11.25,89,29316.5,29327.75
2.08574358974359,1.6458333333333333,3.8135593220338984,35.06304700707187,0.07155723878994259,True,True,False,2026-05-13,2026-05-08,up,up,0,1,8.75,133,29366.75,29375.5
3.0565433285279515,1.393103448275862,1.2442067736185383,86.46224412071751,0.1559283031933589,True,True,False,2026-05-12,2026-05-11,up,up,0,1,10.5,13,29262.75,29273.25
1.9503589743589744,1.8125,3.2288135593220337,33.636430016140366,0.0686457755431436,True,True,False,2026-05-13,2026-05-11,up,up,0,1,4.25,215,29476.25,29480.5
5.878564102564103,3.125,4.411016949152542,-50.992810050163826,0.10406695928604863,True,True,False,2026-05-13,2026-05-12,down,down,0,1,4.5,16,29145.25,29149.75
2.68649354417525,2.6595744680851063,6.219554030874786,-2.477285928747733,0.004564322300778872,True,True,False,2026-05-18,2026-05-12,down,up,1,1,4.25,119,28962.5,28966.75
3.6275370268787714,2.2,5.701842546063651,-91.23544111462252,0.1969464460110578,True,True,False,2026-05-19,2026-05-12,down,down,0,1,4.25,44,28741.25,28745.5
6.831939163498099,6.732824427480916,20.248803827751196,11.478016720866435,0.02950646971945099,True,True,False,2026-05-20,2026-05-12,up,up,0,1,6.0,105,29285.25,29291.25
3.785094066570188,2.259259259259259,4.093189964157706,64.73106025771267,0.19630344278305586,True,True,False,2026-05-14,2026-05-13,up,up,0,1,9.75,5,29555.5,29565.25
1.5876157037982763,1.0,2.6074074074074076,42.82475059678836,0.10773522162714054,True,True,False,2026-05-15,2026-05-13,up,up,0,1,8.25,235,29407.0,29415.25
3.835775424343537,2.4361702127659575,2.456260720411664,-107.26785373591702,0.19763768537248644,True,True,False,2026-05-18,2026-05-13,down,down,0,1,4.5,63,29075.25,29079.75
2.618308428840853,2.021276595744681,3.3687821612349915,-18.377235375199234,0.03385948479999859,True,False,True,2026-05-18,2026-05-13,down,up,1,1,11.5,3,29278.25,29289.75
1.5343096922823762,1.4709677419354839,2.661290322580645,57.23584232225039,0.1341989268985941,True,False,True,2026-05-21,2026-05-13,up,down,1,1,6.25,255,29493.5,29499.75
1.6868815831471433,0.8311688311688312,4.211111111111111,30.158896447112056,0.07587143760279763,True,True,False,2026-05-15,2026-05-14,up,down,1,1,6.25,270,29454.0,29460.25
1.2397564587790029,1.1870967741935483,1.4314516129032258,17.2481794139494,0.040441217852167415,True,True,False,2026-05-21,2026-05-14,up,up,0,1,7.75,261,29502.75,29510.5
2.373663751214772,1.349056603773585,2.096885813148789,-67.34093425407627,0.05092904840542732,True,True,False,2026-06-05,2026-05-14,down,up,1,1,8.5,29,29775.25,29783.75
3.6017771926937634,2.8645161290322583,7.67741935483871,74.10981275984886,0.17376274973000905,True,True,False,2026-05-21,2026-05-15,up,up,0,1,5.0,226,29401.25,29406.25
2.9040645055125887,1.5225806451612902,5.782258064516129,104.79251791077331,0.24570344176031259,True,True,False,2026-05-21,2026-05-15,up,down,1,1,5.0,231,29444.25,29449.25
3.2849698299506307,2.7625,0.8408710217755444,-122.90986521814557,0.26532080996901364,True,False,True,2026-05-19,2026-05-18,down,down,0,1,4.25,36,28818.25,28822.5
1.0257816785518377,0.9,0.9849246231155779,54.13556354089815,0.11686036382276987,True,False,True,2026-05-19,2026-05-18,up,down,1,1,9.25,233,29120.25,29129.5
6.831939163498099,6.732824427480916,20.248803827751196,11.478016720866435,0.02950646971945099,True,True,False,2026-05-20,2026-05-18,up,down,1,1,8.75,105,29338.75,29347.5
1.4737801458216488,1.4625,3.5342995169082125,-134.89447775248846,0.08328104815711589,True,True,False,2026-06-09,2026-05-19,down,down,0,1,5.75,155,28668.0,28673.75
1.622287010042112,0.7547169811320755,0.4013840830449827,-62.80053393513299,0.047495204337404416,True,False,True,2026-06-05,2026-05-21,down,down,0,1,10.0,317,29127.25,29137.25
1.9799157758341432,1.971698113207547,1.9700115340253748,-66.46711803246217,0.050268192877642025,True,True,False,2026-06-05,2026-05-21,down,up,1,1,7.5,195,29380.25,29387.75
1.2933268545513443,0.7452830188679245,0.8373702422145328,-57.10176054614203,0.043185298200901515,True,True,False,2026-06-05,2026-05-22,down,up,1,1,5.25,183,29490.25,29495.5
1.4846128927761582,1.0471698113207548,2.1683967704728953,-38.7959574913657,0.02934086405094778,True,True,False,2026-06-05,2026-05-22,down,down,0,1,11.0,103,29736.75,29747.75
2.7050197405527356,2.1555555555555554,4.027842227378191,6.793157916032214,0.023224471507802442,True,True,False,2026-05-26,2026-05-25,up,up,0,1,4.0,27,29990.75,29994.75
4.409922143762448,2.2033898305084745,0.4312267657992565,-65.34545537966915,0.20662594586456648,True,True,False,2026-05-27,2026-05-25,down,down,0,1,9.0,56,29908.75,29917.75
5.418432011587905,3.3559322033898304,7.743494423791821,-17.689625646926288,0.055935575168146366,True,True,False,2026-05-27,2026-05-26,down,down,0,1,6.75,5,30112.25,30119.0
1.405085843861354,0.9150943396226415,1.5201845444059976,-56.77340918435948,0.04293697045517828,True,True,False,2026-06-05,2026-05-26,down,down,0,1,5.25,27,29826.5,29831.75
2.1350826044703597,1.3584905660377358,3.275663206459054,-114.69619648351,0.08674320021441481,True,True,False,2026-06-05,2026-05-26,down,up,1,1,6.5,19,29863.25,29869.75
14.757045675413023,9.973684210526315,6.796747967479675,77.50611125276191,0.18377264078900277,True,True,False,2026-05-28,2026-05-27,up,up,0,1,4.5,43,30130.25,30134.75
1.534013605442177,0.5,0.04844290657439446,-107.26504123318955,0.08112311683357122,True,False,True,2026-06-05,2026-05-27,down,down,0,1,11.75,18,29876.0,29887.75
5.323754789272031,2.7058823529411766,6.4862068965517246,-29.34735309017924,0.1103283950758618,True,True,False,2026-05-29,2026-05-28,down,up,1,1,11.75,70,30330.25,30342.0
6.225788599889319,3.36734693877551,4.544144144144144,-105.08012276555746,0.23299362032274382,True,True,False,2026-06-04,2026-05-28,down,up,1,1,7.5,15,30192.25,30199.75
6.225788599889319,3.36734693877551,4.544144144144144,-105.08012276555746,0.23299362032274382,True,True,False,2026-06-04,2026-05-28,down,up,1,1,4.75,15,30203.75,30208.5
2.8257207644962747,1.8962264150943395,1.7531718569780854,-100.1391349285077,0.07573388914993964,True,True,False,2026-06-05,2026-05-28,down,down,0,1,7.75,15,29920.25,29928.0
2.3068266270304703,3.4213197969543145,5.991379310344827,-72.88936875513173,0.11704434966701201,True,True,False,2026-06-17,2026-05-28,down,down,0,1,9.5,368,30050.25,30059.75
3.0241002229536043,4.446700507614213,5.017241379310345,-248.60532047172092,0.3992056531059348,True,True,False,2026-06-17,2026-05-28,down,up,1,1,7.5,275,30100.25,30107.75
2.2344197897866014,3.685279187817259,7.107758620689655,-87.13100118003058,0.13991328973108083,True,True,False,2026-06-17,2026-05-28,down,down,0,1,7.0,272,30245.25,30252.25
3.2881821751079703,2.1739130434782608,0.569672131147541,91.5465421361223,0.2305958240204592,True,True,False,2026-06-01,2026-05-29,up,down,1,1,4.0,8,30450.25,30454.25
2.2344197897866014,3.685279187817259,7.107758620689655,-87.13100118003058,0.13991328973108083,True,True,False,2026-06-17,2026-05-29,down,down,0,1,7.25,272,30269.75,30277.0
5.337290650837397,8.21951219512195,3.2546583850931676,55.11266205094944,0.16221534084164663,True,False,True,2026-06-02,2026-06-01,up,down,1,1,4.75,30,30601.75,30606.5
1.2885308458766165,0.9024390243902439,0.8571428571428571,8.053159985218372,0.02370319348114311,True,False,True,2026-06-02,2026-06-01,up,down,1,1,5.25,126,30681.5,30686.75
0.5422705314009661,1.2913385826771653,1.1982633863965269,-15.216948525954649,0.04611196523016561,True,True,False,2026-06-03,2026-06-01,down,down,0,1,10.25,439,30488.0,30498.25
5.7355072463768115,3.8897637795275593,3.397973950795948,-194.3058896163966,0.5888057261102927,True,False,True,2026-06-03,2026-06-02,down,up,1,1,5.75,20,30494.0,30499.75
5.08786231884058,3.1811023622047245,5.322720694645441,6.236726321971219,0.018899170672640055,True,False,True,2026-06-03,2026-06-02,down,down,0,1,19.0,4,30718.5,30737.5
2.425751706327246,1.3265306122448979,0.8468468468468469,71.71019049640745,0.15900263968161296,True,False,True,2026-06-04,2026-06-02,up,down,1,1,5.75,99,30431.0,30436.75
3.81400808660493,2.298136645962733,3.0931899641577063,-8.210524845653708,0.013345022097771164,True,False,True,2026-06-16,2026-06-02,down,up,1,1,5.5,4,30758.0,30763.5
1.6033942077107546,1.6734693877551021,3.682882882882883,16.549332404978486,0.03669475034363301,True,True,False,2026-06-04,2026-06-03,up,up,0,1,5.0,173,30477.75,30482.75
0.809444751890795,0.7142857142857143,1.744144144144144,9.81610602512228,0.021765201829539425,True,False,True,2026-06-04,2026-06-03,up,down,1,1,4.0,220,30495.75,30499.75
4.335724533715926,1.937888198757764,8.770609318996415,-62.45174565868729,0.1015062911965661,True,True,False,2026-06-16,2026-06-03,down,down,0,1,4.0,60,30660.25,30664.25
3.81400808660493,2.298136645962733,3.0931899641577063,-8.210524845653708,0.013345022097771164,True,False,True,2026-06-16,2026-06-03,down,up,1,1,9.0,4,30748.0,30757.0
6.8,3.4722222222222223,8.23094688221709,-30.65405666829247,0.06592270251245692,True,True,False,2026-06-22,2026-06-03,down,down,0,1,5.5,3,30802.25,30807.75
6.074074074074074,2.54,3.6842105263157894,40.60298027263343,0.13214965100938464,True,True,False,2026-06-15,2026-06-04,up,down,1,1,5.0,11,30424.0,30429.0
4.239766081871345,2.38,10.355263157894736,34.444199378802296,0.11210479862913685,False,True,False,2026-06-15,2026-06-04,up,down,1,1,10.75,93,30503.5,30514.25
3.042884990253411,1.24,7.328947368421052,9.932490902669088,0.03232706559046082,False,True,False,2026-06-15,2026-06-04,up,down,1,1,8.0,151,30595.25,30603.25
1.9321768618755706,1.4409937888198758,1.3655913978494623,-82.72722591866477,0.13446115549559493,True,True,False,2026-06-16,2026-06-04,down,up,1,1,7.0,346,30350.25,30357.25
3.0241002229536043,4.446700507614213,5.017241379310345,-248.60532047172092,0.3992056531059348,True,True,False,2026-06-17,2026-06-04,down,up,1,1,5.5,275,30152.25,30157.75
3.3151604673022694,1.7241379310344827,0.3433734939759036,-91.75162630830891,0.22283333651076848,True,True,False,2026-06-08,2026-06-05,down,up,1,1,9.25,30,29330.5,29339.75
2.947764200349134,1.9195402298850575,7.728915662650603,19.735268885317055,0.047930221943696553,True,True,False,2026-06-08,2026-06-05,up,up,0,1,6.0,76,29607.25,29613.25
1.4335974217805827,1.0344827586206897,2.2289156626506026,63.40681646306257,0.15399348260610218,True,True,False,2026-06-08,2026-06-05,up,up,0,1,4.0,91,29684.0,29688.0
2.0172462142456533,2.0875,3.0318840579710145,-71.87459508886968,0.04437388182674467,True,True,False,2026-06-09,2026-06-05,down,down,0,1,9.5,146,28778.5,28788.0
2.0172462142456533,2.0875,3.0318840579710145,-71.87459508886968,0.04437388182674467,True,True,False,2026-06-09,2026-06-05,down,down,0,1,6.25,146,28788.5,28794.75
1.5340717891194615,0.81875,0.9217391304347826,-222.53950061820797,0.13739126446563232,True,False,True,2026-06-09,2026-06-05,down,down,0,1,4.0,117,28951.25,28955.25
1.7303701626472239,1.425,2.888888888888889,-216.26926374310642,0.1335201504819302,True,True,False,2026-06-09,2026-06-05,down,down,0,1,11.5,116,28958.25,28969.75
1.544026920919798,1.2,0.970048309178744,-156.29189486795076,0.0964913689569074,True,True,False,2026-06-09,2026-06-05,down,down,0,1,6.75,114,29043.75,29050.5
2.0002804262478966,1.36875,1.8821256038647343,-132.84821880313757,0.08201773039242943,True,True,False,2026-06-09,2026-06-05,down,down,0,1,7.0,75,29260.25,29267.25
2.4265283230510377,1.91875,1.9980676328502416,-64.75044975569836,0.039975582500817015,True,True,False,2026-06-09,2026-06-05,down,down,0,1,9.75,74,29300.25,29310.0
2.24298934380258,1.525,4.5777777777777775,-141.0797510633929,0.08709970740138473,True,True,False,2026-06-09,2026-06-05,down,down,0,1,4.25,43,29514.0,29518.25
2.24298934380258,1.525,4.5777777777777775,-141.0797510633929,0.08709970740138473,True,True,False,2026-06-09,2026-06-05,down,down,0,1,4.0,43,29518.75,29522.75
2.24298934380258,1.525,4.5777777777777775,-141.0797510633929,0.08709970740138473,True,True,False,2026-06-09,2026-06-05,down,down,0,1,5.5,43,29530.25,29535.75
3.0241002229536043,4.446700507614213,5.017241379310345,-248.60532047172092,0.3992056531059348,True,True,False,2026-06-17,2026-06-05,down,up,1,1,4.5,275,30096.25,30100.75
2.9034559094822283,1.3516483516483517,0.1095890410958904,112.95400990109192,0.2405836206626026,True,True,False,2026-06-23,2026-06-05,up,down,1,1,6.25,23,29900.25,29906.5
1.8173022994952328,1.8625,6.452173913043478,-4.371841133113776,0.0026990838914114994,True,True,False,2026-06-09,2026-06-08,down,down,0,1,12.5,73,29331.25,29343.75
2.5263600673022997,1.1625,1.4183574879227052,-162.12625958106946,0.10009338452296308,True,True,False,2026-06-09,2026-06-08,down,down,0,1,5.0,45,29480.25,29485.25
1.9246222222222222,1.4509803921568627,2.4557956777996073,75.77042171425637,0.143504586580031,True,False,True,2026-06-12,2026-06-08,up,down,1,1,4.25,105,29702.25,29706.5
1.8574222222222223,1.3333333333333333,1.7838899803536346,53.67000261354042,0.10164773222261443,True,True,False,2026-06-12,2026-06-08,up,down,1,1,9.5,111,29733.5,29743.0
2.019409192705556,1.3125,1.7497020262216925,-121.48698399507703,0.14445539119509754,True,True,False,2026-06-10,2026-06-09,down,up,1,1,4.25,108,28675.5,28679.75
1.4310254530218918,1.4532374100719425,1.5962566844919786,10.96213702267778,0.011362671181837553,True,True,False,2026-06-11,2026-06-09,up,up,0,1,7.25,342,29351.5,29358.75
1.132711846653399,0.7266187050359713,0.393048128342246,121.12024566124092,0.1255457327403378,True,True,False,2026-06-11,2026-06-09,up,down,1,1,11.0,364,29530.75,29541.75
3.0140444444444445,1.5392156862745099,0.75049115913556,200.6234270337336,0.37996861180631364,True,True,False,2026-06-12,2026-06-09,up,down,1,1,8.75,40,29590.5,29599.25
3.3582222222222224,1.6764705882352942,3.7367387033398822,81.36874474370416,0.1541074711055003,True,True,False,2026-06-12,2026-06-09,up,down,1,1,6.25,47,29621.5,29627.75
1.7297777777777779,0.8431372549019608,2.212180746561886,61.664277801341086,0.11678840492678236,True,True,False,2026-06-12,2026-06-09,up,up,0,1,5.25,114,29744.5,29749.75
3.8585659820440292,1.7142857142857142,3.244618395303327,76.29805435963863,0.1625091679651515,True,True,False,2026-06-23,2026-06-09,up,up,0,1,4.75,18,29830.25,29835.0
1.3535407725321889,0.935064935064935,0.4785553047404063,-65.24446027196609,0.15580766632111306,True,True,False,2026-07-24,2026-06-09,down,down,0,1,12.5,339,28227.25,28239.75
3.418723175965665,2.4415584415584415,10.948081264108351,-68.7901681688054,0.16427502846281886,True,True,False,2026-07-24,2026-06-09,down,up,1,1,12.0,69,28270.0,28282.0
4.3492489270386265,2.8051948051948052,7.0970654627539504,-61.03340490602568,0.14575141470095684,True,True,False,2026-07-24,2026-06-09,down,down,0,1,8.75,21,28387.5,28396.25
2.9196606263747773,3.050359712230216,4.564171122994653,444.2335123063349,0.4604649000324798,True,True,False,2026-06-11,2026-06-10,up,down,1,1,4.0,243,29230.25,29234.25
3.0835005015045134,1.8172043010752688,2.324,-166.91236611625936,0.26131094499610075,True,False,True,2026-07-17,2026-06-10,down,up,1,1,7.75,14,28410.0,28417.75
4.542222222222223,2.823529411764706,7.469548133595285,-37.64471008511464,0.07129679940362621,True,True,False,2026-06-12,2026-06-11,down,up,1,1,7.25,3,29322.75,29330.0
4.542222222222223,2.823529411764706,7.469548133595285,-37.64471008511464,0.07129679940362621,True,True,False,2026-06-12,2026-06-11,down,up,1,1,8.0,3,29330.5,29338.5
4.747733333333334,2.4901960784313726,6.2043222003929275,142.9547439183225,0.27074762105742894,True,True,False,2026-06-12,2026-06-11,up,up,0,1,6.5,37,29535.75,29542.25
1.8165513207915,1.8487394957983194,5.241830065359477,-45.53028889218331,0.050829236831909916,True,True,False,2026-06-24,2026-06-11,down,down,0,1,14.0,241,29393.5,29407.5
1.4007213178672384,0.9159663865546218,1.6241830065359477,-102.81543225319547,0.11478139241216351,True,False,True,2026-06-24,2026-06-11,down,up,1,1,4.5,231,29450.25,29454.75
1.8731856378915201,1.0588235294117647,0.029556650246305417,-93.93214082166014,0.20157111764304753,True,True,False,2026-07-08,2026-06-11,down,down,0,1,19.5,114,29050.25,29069.75
3.795636910732197,3.086021505376344,9.484,12.101203998256096,0.018945133461066296,True,False,True,2026-07-17,2026-06-11,down,down,0,1,4.75,3,28577.5,28582.25
4.2522617018486955,3.7641509433962264,14.232558139534884,1.439947796490742,0.0026902340896604237,True,False,True,2026-06-26,2026-06-12,down,down,0,1,5.25,3,29250.25,29255.5
2.5154558497456634,1.3043478260869565,2.5125448028673834,7.647949529455218,0.01243063718724944,True,False,True,2026-06-16,2026-06-15,down,up,1,1,7.25,129,30492.5,30499.75
4.038607017086214,1.7763975155279503,3.3548387096774195,-111.38486629058025,0.1810400102244295,True,False,True,2026-06-16,2026-06-15,down,up,1,1,7.5,62,30604.75,30612.25
2.9234423533710943,1.9242424242424243,7.2110091743119265,28.5348211280143,0.07293245016744869,True,True,False,2026-06-18,2026-06-16,up,down,1,1,7.0,101,30671.75,30678.75
5.494137931034483,3.986111111111111,11.810623556581985,-22.218795369844884,0.04778235563407502,True,True,False,2026-06-22,2026-06-16,down,down,0,1,23.0,84,30572.75,30595.75
6.643159379407616,2.7058823529411766,12.217194570135746,55.73853725418667,0.18410747235074043,True,True,False,2026-09-22,2026-06-16,up,up,0,1,6.75,5,30882.25,30889.0
5.369267312260186,4.833333333333333,7.793577981651376,-15.839434596262436,0.040484177881820925,True,True,False,2026-06-18,2026-06-17,down,down,0,1,6.25,4,30538.5,30544.75
2.6518263436231706,1.5494505494505495,4.426614481409002,68.8008725499858,0.14654072960593353,True,True,False,2026-06-23,2026-06-17,up,up,0,1,11.25,29,29922.0,29933.25
2.7809602307850816,3.3260869565217392,5.266666666666667,94.42319744569977,0.16689915589164786,True,True,False,2026-06-30,2026-06-17,up,down,1,1,5.0,29,30342.25,30347.25
6.8,3.4722222222222223,8.23094688221709,-30.65405666829247,0.06592270251245692,True,True,False,2026-06-22,2026-06-18,down,up,1,1,4.25,3,30755.5,30759.75
3.8108386565011334,2.6739130434782608,10.116666666666667,19.612839480716502,0.03466697212676359,True,True,False,2026-06-30,2026-06-18,up,up,0,1,7.75,52,30392.0,30399.75
4.3068965517241375,2.3333333333333335,7.695150115473441,-10.056833663122234,0.021627599275531685,True,True,False,2026-06-22,2026-06-19,down,down,0,1,16.0,73,30633.75,30649.75
6.433793103448276,3.6944444444444446,10.531177829099308,-122.35761532752076,0.2631346566183242,True,True,False,2026-06-22,2026-06-19,down,down,0,1,9.75,60,30695.25,30705.0
2.4318977951782403,1.4565217391304348,7.794444444444444,1.8043189966156206,0.003189251430164597,True,True,False,2026-06-30,2026-06-22,up,down,1,1,4.0,166,30502.75,30506.75
3.614480488951575,1.5,4.036199095022624,25.0954531568932,0.08289167021269431,True,True,False,2026-09-22,2026-06-22,up,up,0,1,10.75,42,30957.0,30967.75
5.5537129168969965,2.774193548387097,1.109375,-104.00407657719916,0.27901831409040684,True,False,True,2026-09-23,2026-06-22,down,down,0,1,17.75,41,30731.0,30748.75
3.7736621503070475,3.1092436974789917,10.722222222222221,-115.44552798130826,0.12888141555267457,True,True,False,2026-06-24,2026-06-23,down,up,1,1,7.75,18,29577.25,29585.0
2.392240959157813,1.781512605042017,1.8986928104575163,84.87634798792351,0.09475450514978902,True,True,False,2026-06-24,2026-06-23,up,down,1,1,4.5,3,29810.25,29814.75
3.8270303153198824,2.370967741935484,5.193771626297578,-350.9943974675043,0.389129043755548,True,True,False,2026-06-25,2026-06-24,down,down,0,1,7.5,22,29522.25,29529.75
4.192436378383859,1.8709677419354838,5.304498269896194,-168.94552961887166,0.18730103061959164,True,True,False,2026-06-25,2026-06-24,down,down,0,1,7.0,11,29907.75,29914.75
4.2522617018486955,3.7641509433962264,14.232558139534884,1.439947796490742,0.0026902340896604237,True,False,True,2026-06-26,2026-06-24,down,down,0,1,6.75,3,29263.0,29269.75
5.5661359461114515,3.701492537313433,5.088353413654619,-4.766461767540022,0.01367707824258256,True,True,False,2026-07-01,2026-06-24,down,down,0,1,4.0,3,30135.75,30139.75
5.5661359461114515,3.701492537313433,5.088353413654619,-4.766461767540022,0.01367707824258256,True,True,False,2026-07-01,2026-06-24,down,down,0,1,4.5,3,30142.25,30146.75
1.2640887809953183,0.7580645161290323,1.5819477434679334,33.56403019689242,0.042218905908040776,True,True,False,2026-06-29,2026-06-25,up,down,1,1,4.25,173,29892.75,29897.0
0.8843419455522802,0.8387096774193549,0.057007125890736345,28.292397833127325,0.03558792180267588,True,True,False,2026-06-29,2026-06-25,up,up,0,1,9.25,222,29965.75,29975.0
2.248309346280562,1.9193548387096775,4.983372921615202,27.2895868347332,0.03432652432041912,True,True,False,2026-06-29,2026-06-25,up,up,0,1,4.0,223,29988.25,29992.25
1.5259233570313855,1.3709677419354838,3.4299287410926365,20.138534064353735,0.025331489389124193,True,True,False,2026-06-29,2026-06-25,up,down,1,1,11.0,241,30025.25,30036.25
4.747990933443231,3.217391304347826,2.272222222222222,56.781675546531915,0.10036531249939358,True,True,False,2026-06-30,2026-06-25,up,up,0,1,7.0,3,30159.5,30166.5
2.307156538394567,1.7289719626168225,3.41044776119403,-59.62163149999469,0.061816103162254735,True,True,False,2026-07-02,2026-06-26,down,down,0,1,4.25,96,29680.25,29684.5
2.176911022113878,2.2523364485981308,5.029850746268656,39.10115972517815,0.04054034186125262,True,False,True,2026-07-02,2026-06-26,down,down,0,1,7.0,94,29710.25,29717.25
2.687007199177237,1.9746835443037976,0.6865671641791045,-70.4355912364008,0.1478186594677876,True,False,True,2026-07-07,2026-06-26,down,up,1,1,6.0,72,29213.25,29219.25
2.898958971218616,3.253731343283582,9.02008032128514,-25.775487261598755,0.07396122600171809,True,True,False,2026-07-01,2026-06-29,down,up,1,1,11.0,387,30058.0,30069.0
3.3304892913111614,2.289719626168224,3.0708955223880596,-111.82880022254903,0.11594484211772839,True,True,False,2026-07-02,2026-06-29,down,down,0,1,12.0,72,29827.75,29839.75
3.6110047013755877,3.7476635514018692,10.559701492537313,-135.02735086466055,0.13999725335890156,True,True,False,2026-07-02,2026-06-29,down,down,0,1,5.0,57,29975.25,29980.25
3.2094617757970516,1.5316455696202531,5.104477611940299,-49.10862407907916,0.10306112083752185,True,True,False,2026-07-07,2026-06-29,down,down,0,1,4.0,55,29286.75,29290.75
3.5429419402708215,2.272727272727273,7.131011608623549,8.43032783777744,0.013039950251782584,True,True,False,2026-09-21,2026-06-30,up,down,1,1,4.5,43,30445.25,30449.75
3.533296234464849,2.3333333333333335,5.731343283582089,42.25257557706209,0.06535587869615173,True,True,False,2026-09-21,2026-06-30,up,up,0,1,4.25,46,30454.25,30458.5
1.992951214987943,1.2727272727272727,1.0281923714759535,42.00292501215881,0.06496972159653336,True,True,False,2026-09-21,2026-06-30,up,up,0,1,4.5,57,30510.75,30515.25
2.319792246336487,2.0606060606060606,5.7611940298507465,5.879218716258038,0.009093919128009338,True,True,False,2026-09-21,2026-06-30,up,up,0,1,8.0,126,30592.0,30600.0
3.2152482269503544,2.0526315789473686,5.400862068965517,51.52413237471774,0.1620255735054017,True,True,False,2026-07-06,2026-07-01,up,down,1,1,12.25,41,30009.25,30021.5
5.199777406789093,3.272727272727273,6.3283582089552235,91.68717621167161,0.14182084487497543,True,True,False,2026-09-21,2026-07-01,up,up,0,1,14.0,15,30343.75,30357.75
4.2287234042553195,2.3859649122807016,5.349137931034483,75.3569157429738,0.23697143315400565,True,True,False,2026-07-06,2026-07-02,up,down,1,1,5.5,21,30004.25,30009.75
3.7977374014398353,1.9240506329113924,0.2601279317697228,-85.81746674015449,0.18009961540431163,True,False,True,2026-07-07,2026-07-02,down,up,1,1,4.25,45,29328.5,29332.75
3.1550679922294593,1.7848101265822784,5.590618336886994,-81.76583384777405,0.17159671321673461,True,True,False,2026-07-07,2026-07-02,down,down,0,1,6.0,44,29340.25,29346.25
5.997830802603037,2.488888888888889,6.74931129476584,93.93611771114956,0.24752600187391188,True,True,False,2026-07-09,2026-07-02,up,up,0,1,7.25,15,29872.0,29879.25
12.973974415527127,13.404255319148936,9.22397476340694,15.538023277986213,0.038918029500278555,True,False,True,2026-07-10,2026-07-02,down,up,1,1,5.0,63,29744.75,29749.75
5.124142047150104,3.380281690140845,10.023474178403756,-45.543241281997325,0.124520140210519,True,True,False,2026-07-13,2026-07-02,down,down,0,1,7.5,10,29586.25,29593.75
4.348581560283688,4.280701754385965,9.788793103448276,-22.067322915048862,0.06939409721713478,True,False,True,2026-07-06,2026-07-03,up,down,1,1,14.5,15,29941.5,29956.0
4.068980477223428,1.9333333333333333,1.019283746556474,74.67088536607116,0.19676122626105708,True,True,False,2026-07-09,2026-07-03,up,down,1,1,18.0,16,29880.75,29898.75
6.487201735357917,4.4222222222222225,7.079889807162535,50.100217865474406,0.1320163843622514,True,True,False,2026-07-09,2026-07-06,up,up,0,1,4.0,5,29782.5,29786.5
6.487201735357917,4.4222222222222225,7.079889807162535,50.100217865474406,0.1320163843622514,True,True,False,2026-07-09,2026-07-06,up,up,0,1,4.75,5,29790.75,29795.5
5.094577006507592,3.2222222222222223,5.526170798898072,109.55234038362323,0.28867546873155003,True,True,False,2026-07-09,2026-07-06,up,up,0,1,6.0,8,29835.25,29841.25
6.094517958412098,3.317073170731707,6.987714987714988,83.05035461090301,0.20231511476468456,True,True,False,2026-08-13,2026-07-06,up,up,0,1,12.75,16,30081.25,30094.0
1.3796791443850267,1.3529411764705883,1.8029556650246306,52.76422364251994,0.11322794773072947,True,True,False,2026-07-08,2026-07-07,up,up,0,1,4.5,387,29475.25,29479.75
1.3796791443850267,1.3529411764705883,1.8029556650246306,52.76422364251994,0.11322794773072947,True,True,False,2026-07-08,2026-07-07,up,up,0,1,9.5,387,29480.25,29489.75
7.013882863340564,3.4,0.4462809917355372,-168.654265277386,0.4444117662118208,True,False,True,2026-07-09,2026-07-07,down,up,1,1,6.25,51,29613.25,29619.5
1.2573781743308168,1.2804878048780488,2.62475442043222,-50.004314297613746,0.11038479977398177,True,True,False,2026-07-16,2026-07-07,down,up,1,1,11.5,255,29217.25,29228.75
2.5389435989256937,1.619718309859155,0.3286384976525822,-67.50533394414379,0.1845668733947882,True,False,True,2026-07-13,2026-07-08,down,up,1,1,7.0,186,29471.75,29478.75
2.764547896150403,2.1549295774647885,10.422535211267606,-48.32339226685508,0.13212137325182524,True,True,False,2026-07-13,2026-07-08,down,up,1,1,5.25,185,29479.25,29484.5
1.6291008922443377,0.7804878048780488,1.2416502946954813,-25.702051602915162,0.056737420756987116,True,True,False,2026-07-16,2026-07-08,down,up,1,1,4.0,378,29080.5,29084.5
0.7745737211634904,0.7311827956989247,0.524,48.30069701827961,0.07561752957851993,True,True,False,2026-07-17,2026-07-08,up,down,1,1,12.5,220,29034.0,29046.5
2.681517423908249,1.3617021276595744,2.1261829652996846,56.674557121139514,0.14195255384130123,True,True,False,2026-07-10,2026-07-09,up,down,1,1,10.0,120,29983.25,29993.25
4.447272727272727,3.157142857142857,1.8874680306905371,45.147761943979276,0.08322168100272678,True,False,True,2026-08-05,2026-07-10,up,down,1,1,12.5,15,30064.25,30076.75
8.07225372820836,4.658536585365853,14.28009828009828,66.47227279785875,0.16193001899600182,True,True,False,2026-08-13,2026-07-10,up,up,0,1,18.25,6,29987.25,30005.5
2.013982253293896,1.9189189189189189,3.2801484230055657,-25.603132660897245,0.044029462873426045,True,True,False,2026-07-15,2026-07-13,down,down,0,1,4.75,174,29451.0,29455.75
3.06211347136327,1.4189189189189189,0.059369202226345084,-92.9228342851602,0.15979851123845262,True,False,True,2026-07-15,2026-07-13,down,down,0,1,6.75,51,29745.5,29752.25
3.171722717913521,2.0853658536585367,3.6031434184675835,-95.23791633176734,0.21023822589794114,True,True,False,2026-07-16,2026-07-13,down,down,0,1,12.5,9,29386.5,29399.0
2.747243882764184,1.9324324324324325,3.795918367346939,-119.29235573066399,0.20514592559013584,True,False,True,2026-07-15,2026-07-14,down,up,1,1,6.75,70,29584.5,29591.25
3.289325087389083,3.364864864864865,8.641929499072356,21.954181051474734,0.03775439561732542,True,False,True,2026-07-15,2026-07-14,down,down,0,1,4.5,66,29625.25,29629.75
4.125302500672224,2.9054054054054053,11.176252319109462,-59.98153123465818,0.10314966678359101,True,True,False,2026-07-15,2026-07-14,down,down,0,1,4.25,50,29750.25,29754.5
4.081742403872009,3.5405405405405403,8.987012987012987,-34.21820999344345,0.05884472913747799,True,True,False,2026-07-15,2026-07-14,down,down,0,1,9.25,7,29886.75,29896.0
4.387096774193548,2.3902439024390243,2.2789783889980355,-54.317789361881296,0.11990681978340242,True,True,False,2026-07-16,2026-07-15,down,up,1,1,9.25,5,29400.25,29409.5
0.8108278249921309,0.7222222222222222,1.2606060606060605,0.4505220415703661,0.0006018998551374296,True,True,False,2026-08-04,2026-07-15,up,down,1,1,9.5,207,29740.25,29749.75
0.8570978910922253,0.9074074074074074,3.309090909090909,16.266551475524466,0.021732199700099486,False,True,False,2026-08-04,2026-07-15,up,up,0,1,9.75,246,29823.5,29833.25
1.045325779036827,0.8703703703703703,1.288888888888889,50.67277321381334,0.06769909581003787,True,True,False,2026-08-04,2026-07-15,up,down,1,1,8.75,258,29891.0,29899.75
1.9918161787850173,1.9259259259259258,6.892929292929293,-6.8591977794676495,0.009163924889068337,True,False,True,2026-08-04,2026-07-15,up,up,0,1,5.0,330,29900.25,29905.25
2.1863393138180673,1.462962962962963,3.385858585858586,4.436236766494403,0.005926836027380632,True,True,False,2026-08-04,2026-07-15,up,up,0,1,4.0,331,29905.75,29909.75
1.310985206169342,0.7407407407407407,2.371717171717172,24.470111595321214,0.03269219986014858,True,True,False,2026-08-04,2026-07-15,up,down,1,1,5.5,374,29943.25,29948.75
7.643772316740181,3.902439024390244,6.525798525798526,33.45056000503246,0.08148735689411074,True,True,False,2026-08-13,2026-07-15,up,up,0,1,12.0,5,29966.25,29978.25
6.950756665865962,3.0930232558139537,3.568733153638814,-80.67395371499151,0.26846573615637775,True,True,False,2026-07-21,2026-07-16,down,up,1,1,5.5,17,29093.25,29098.75
5.340379533989911,3.488372093023256,7.504043126684636,7.257321846464038,0.02415082145245936,True,True,False,2026-07-21,2026-07-16,up,down,1,1,4.5,78,29255.25,29259.75
2.402594282969013,0.9534883720930233,1.2237196765498652,24.201697500007867,0.0805380948419563,True,True,False,2026-07-21,2026-07-16,up,up,0,1,4.5,98,29260.25,29264.75
1.7966635190431224,0.9074074074074074,1.793939393939394,76.40776815553909,0.10208118658054655,True,True,False,2026-08-04,2026-07-16,up,down,1,1,5.25,38,29526.75,29532.0
1.7069521853916105,1.0,3.5072463768115942,-60.66794188043059,0.13444419253281018,True,True,False,2026-07-23,2026-07-17,down,down,0,1,6.75,101,28513.0,28519.75
1.818715165737753,0.8734177215189873,1.2339544513457557,-49.71053926928653,0.11016185987653525,True,True,False,2026-07-23,2026-07-17,down,up,1,1,4.0,84,28583.0,28587.0
5.454667381974249,4.714285714285714,16.844243792325056,-26.450605360900227,0.0631656247424483,True,True,False,2026-07-24,2026-07-17,down,down,0,1,8.0,20,28411.25,28419.25
5.4286279161724,4.4186046511627906,11.721590909090908,-53.35187803066219,0.18024283118466958,True,True,False,2026-08-24,2026-07-17,down,down,0,1,4.5,12,29035.25,29039.75
5.4286279161724,4.4186046511627906,11.721590909090908,-53.35187803066219,0.18024283118466958,True,True,False,2026-08-24,2026-07-17,down,down,0,1,6.75,12,29040.25,29047.0
5.859236127792458,2.9069767441860463,4.0,-25.610978589164006,0.08522788216027956,True,True,False,2026-07-21,2026-07-20,down,up,1,1,4.75,16,29113.25,29118.0
2.835749751737835,1.6538461538461537,3.6744186046511627,36.12484678137844,0.1423639282024766,True,True,False,2026-07-22,2026-07-20,up,down,1,1,4.5,13,29180.25,29184.75
3.3904370783220887,2.1265822784810124,5.590062111801243,30.204502721255267,0.06693518608588425,True,True,False,2026-07-23,2026-07-20,up,up,0,1,4.75,4,28750.0,28754.75
3.6236432971545907,2.430379746835443,6.132505175983437,117.88236126126867,0.26123514960945965,True,True,False,2026-07-23,2026-07-20,up,up,0,1,5.0,12,28830.25,28835.25
0.8450074515648286,0.8367346938775511,2.409937888198758,0.05172175147527014,7.932783968599715e-05,True,True,False,2026-08-03,2026-07-20,up,down,1,1,6.5,257,28893.25,28899.75
2.7757696127110227,1.6153846153846154,4.496124031007752,34.778579866124346,0.13705844282216492,True,True,False,2026-07-22,2026-07-21,up,down,1,1,8.0,26,29250.25,29258.25
3.8435631098520617,3.037037037037037,6.404040404040404,67.44553072071722,0.09010758947323609,True,True,False,2026-08-04,2026-07-21,up,up,0,1,12.25,3,29351.25,29363.5
4.346777382364571,2.4186046511627906,1.0056818181818181,-86.50905535871425,0.2922603221578184,True,False,True,2026-08-24,2026-07-21,down,up,1,1,11.75,9,29063.0,29074.75
1.4624619243863106,0.9320388349514563,0.22404371584699453,-38.70936284840718,0.1445727837475525,True,False,True,2026-08-20,2026-07-22,down,up,1,1,10.5,129,29272.25,29282.75
3.752374126500627,3.941747572815534,6.748633879781421,-38.644669507099024,0.14433116529262008,True,True,False,2026-08-20,2026-07-22,down,up,1,1,11.5,21,29331.0,29342.5
6.282720442862791,3.13953488372093,2.846590909090909,-42.68224712047959,0.14419678081243104,True,True,False,2026-08-24,2026-07-22,down,up,1,1,16.0,3,29088.75,29104.75
5.454667381974249,4.714285714285714,16.844243792325056,-26.450605360900227,0.0631656247424483,True,True,False,2026-07-24,2026-07-23,down,down,0,1,7.0,20,28440.75,28447.75
3.5977970102281667,1.6352941176470588,4.55,64.11296830764695,0.09924608097158971,True,True,False,2026-07-31,2026-07-23,up,up,0,1,7.75,3,28672.0,28679.75
1.1069299552906111,0.6938775510204082,1.3850931677018634,13.020921005238051,0.01997073773809517,True,True,False,2026-08-03,2026-07-23,up,down,1,1,6.75,233,28877.0,28883.75
2.5404033658341123,1.9659090909090908,6.304147465437788,-70.38875574337362,0.10374171811845781,True,True,False,2026-07-27,2026-07-24,down,up,1,1,11.25,50,28212.5,28223.75
2.640461997019374,3.142857142857143,2.8509316770186337,98.49726877649664,0.15106943063879852,True,True,False,2026-08-03,2026-07-24,up,down,1,1,4.0,28,28592.75,28596.75
2.177719821162444,3.306122448979592,0.21739130434782608,79.4661639094411,0.12188061949300781,True,False,True,2026-08-03,2026-07-24,up,down,1,1,5.0,29,28626.25,28631.25
2.3093910571772165,0.9669421487603306,2.237885462555066,36.69200314086265,0.04078022021768564,True,True,False,2026-07-29,2026-07-27,up,down,1,1,5.5,4,27977.25,27982.75
4.150427350427351,1.9733333333333334,7.3428571428571425,59.161684436228825,0.09913981472346682,True,True,False,2026-07-30,2026-07-27,up,up,0,1,4.5,13,27938.5,27943.0
0.5353846153846153,0.8933333333333333,0.06666666666666667,44.722140376470634,0.07494284101628929,True,True,False,2026-07-30,2026-07-27,up,down,1,1,4.0,410,28364.0,28368.0
1.8369230769230769,5.28,0.03333333333333333,12.496504686085245,0.020940937890381643,True,False,True,2026-07-30,2026-07-27,up,down,1,1,4.25,420,28395.5,28399.75
2.177719821162444,3.306122448979592,0.21739130434782608,79.4661639094411,0.12188061949300781,True,False,True,2026-08-03,2026-07-27,up,down,1,1,10.25,29,28606.75,28617.0
2.6590138843336613,1.743801652892562,9.105726872246697,19.434183072789892,0.021599536618827332,True,False,True,2026-07-29,2026-07-28,down,down,0,1,8.0,54,27603.25,27611.25
2.111293320214278,0.9421487603305785,2.2819383259911894,-71.24829894889263,0.07918677293569616,True,True,False,2026-07-29,2026-07-28,down,up,1,1,4.5,43,27653.25,27657.75
1.4148901279107904,1.0743801652892562,2.7797356828193833,121.00207856165798,0.13448411065480187,True,True,False,2026-07-29,2026-07-28,up,up,0,1,11.25,323,28068.5,28079.75
4.609230769230769,3.0,8.638095238095238,-8.055139511710877,0.013498348574295563,True,False,True,2026-07-30,2026-07-28,up,up,0,1,4.5,5,27892.25,27896.75
5.2324786324786325,3.7733333333333334,12.147619047619047,171.69933541132195,0.28772406436752734,True,True,False,2026-07-30,2026-07-29,up,down,1,1,4.0,20,28095.75,28099.75
4.506687647521637,3.376470588235294,4.73,-209.80411791279403,0.32477417633559447,True,True,False,2026-07-31,2026-07-30,down,down,0,1,4.5,38,28135.25,28139.75
4.866719118804092,2.6941176470588237,6.4,-135.3757473776459,0.20955998046075217,True,True,False,2026-07-31,2026-07-30,down,down,0,1,8.5,37,28201.25,28209.75
4.67026825633383,4.163265306122449,9.08695652173913,37.80419378894658,0.05798189231433524,True,True,False,2026-08-03,2026-07-31,up,up,0,1,6.75,25,28540.75,28547.5
2.177719821162444,3.306122448979592,0.21739130434782608,79.4661639094411,0.12188061949300781,True,False,True,2026-08-03,2026-07-31,up,down,1,1,6.5,29,28613.0,28619.5
3.1911326378539493,2.306122448979592,6.838509316770186,40.768423356839776,0.06252825668226959,True,True,False,2026-08-03,2026-07-31,up,down,1,1,8.0,48,28630.5,28638.5
3.1467958271236958,1.489795918367347,3.329192546583851,85.62125755797751,0.13132094717481213,True,True,False,2026-08-03,2026-07-31,up,down,1,1,4.5,55,28666.25,28670.75
2.8550670640834577,1.9183673469387754,3.8944099378881987,49.845526253819116,0.07645019364082686,True,True,False,2026-08-03,2026-07-31,up,down,1,1,5.0,69,28720.75,28725.75
5.752471332542507,4.930232558139535,8.602272727272727,-145.3837236230429,0.491161228456226,True,False,True,2026-08-24,2026-08-03,down,up,1,1,7.75,16,28957.25,28965.0
5.760661157024793,4.271428571428571,9.381074168797953,-37.59402294509346,0.0692977381476377,True,True,False,2026-08-05,2026-08-04,down,up,1,1,4.25,389,29595.5,29599.75
5.760661157024793,4.271428571428571,9.381074168797953,-37.59402294509346,0.0692977381476377,True,True,False,2026-08-05,2026-08-04,down,down,0,1,6.0,389,29600.25,29606.25
5.760661157024793,4.271428571428571,9.381074168797953,-37.59402294509346,0.0692977381476377,True,True,False,2026-08-05,2026-08-04,down,down,0,1,7.25,389,29608.25,29615.5
5.760661157024793,4.271428571428571,9.381074168797953,-37.59402294509346,0.0692977381476377,True,True,False,2026-08-05,2026-08-04,down,down,0,1,4.25,389,29659.5,29663.75
1.737190082644628,1.2714285714285714,6.2148337595907925,-8.239295694351313,0.015187641832905645,True,True,False,2026-08-05,2026-08-04,down,up,1,1,9.25,376,29695.5,29704.75
2.506776859504132,1.457142857142857,9.120204603580563,-32.50989533824759,0.05992607435621675,True,True,False,2026-08-05,2026-08-04,down,down,0,1,16.5,146,29744.25,29760.75
5.1399571122230165,3.028169014084507,9.926470588235293,1.9984637955240032,0.004488408299885465,True,True,False,2026-08-06,2026-08-04,up,up,0,1,6.75,6,29413.0,29419.75
3.325518227305218,1.6338028169014085,3.073529411764706,178.0663752282744,0.3999244811415484,True,True,False,2026-08-06,2026-08-04,up,up,0,1,17.5,14,29461.25,29478.75
3.891636883488206,1.4647887323943662,5.985294117647059,68.52468930537725,0.15390160427934252,True,True,False,2026-08-06,2026-08-04,up,up,0,1,7.25,17,29501.75,29509.0
7.570678428901491,4.512195121951219,15.734643734643734,3.4239420546255133,0.00834090634500734,True,True,False,2026-08-13,2026-08-04,up,up,0,1,5.5,4,29942.75,29948.25
7.643772316740181,3.902439024390244,6.525798525798526,33.45056000503246,0.08148735689411074,True,True,False,2026-08-13,2026-08-04,up,up,0,1,7.0,5,29949.5,29956.5
5.649525174699875,3.5533980582524274,0.09289617486338798,-93.46104241089779,0.34906084934042125,True,True,False,2026-08-20,2026-08-04,down,up,1,1,6.0,23,29311.0,29317.0
5.888162672476398,3.9285714285714284,5.636363636363637,-82.83637997825281,0.3088029076542509,True,True,False,2026-08-21,2026-08-04,down,down,0,1,5.5,6,29338.0,29343.5
6.752844347615589,2.7857142857142856,4.784688995215311,-59.88801617247009,0.22325448712943183,True,True,False,2026-08-21,2026-08-04,down,down,0,1,5.25,5,29350.25,29355.5
3.113080771979986,1.647887323943662,1.6764705882352942,98.31697965480998,0.22081298069581132,True,True,False,2026-08-06,2026-08-05,up,down,1,1,6.75,19,29530.75,29537.5
5.649436455499417,2.9056603773584904,2.9166666666666665,42.9505774442805,0.1449808521325924,True,True,False,2026-08-07,2026-08-05,up,down,1,1,4.5,3,29783.25,29787.75
5.836168872085696,3.4146341463414633,4.348894348894349,-20.30779191693364,0.049470869468778655,True,False,True,2026-08-13,2026-08-05,up,up,0,1,5.5,3,29911.75,29917.25
6.094517958412098,3.317073170731707,6.987714987714988,83.05035461090301,0.20231511476468456,True,True,False,2026-08-13,2026-08-05,up,up,0,1,8.25,16,30065.0,30073.25
4.7539836766420525,2.792452830188679,10.395833333333334,-106.95645942779083,0.3610344622035134,True,True,False,2026-08-07,2026-08-06,down,up,1,1,7.0,34,29622.25,29629.25
3.7185741088180113,2.173076923076923,1.995260663507109,-71.30811495632952,0.19469792479543896,True,False,True,2026-08-19,2026-08-06,down,up,1,1,5.75,42,29377.25,29383.0
4.547501279208596,2.5576923076923075,7.805687203791469,-41.67025207938423,0.11377543229866001,True,True,False,2026-08-19,2026-08-06,down,down,0,1,4.75,41,29402.5,29407.25
1.3889983873857732,0.970873786407767,0.5792349726775956,-46.53652278289155,0.1738058740724241,True,True,False,2026-08-20,2026-08-06,down,up,1,1,4.5,273,29255.25,29259.75
4.093173266439706,3.5728155339805827,9.94535519125683,-75.58190918983382,0.2822853751254298,True,True,False,2026-08-20,2026-08-06,down,up,1,1,4.0,22,29325.25,29329.25
4.296787148594378,3.1627906976744184,12.294444444444444,51.45009701870731,0.28425467966136636,True,True,False,2026-08-10,2026-08-07,up,up,0,1,10.25,36,29850.25,29860.5
3.900274977085243,1.7272727272727273,1.1848101265822786,-48.90184546578166,0.15813046229840472,True,True,False,2026-08-11,2026-08-10,down,down,0,1,18.25,4,29719.0,29737.25
6.323127035830619,3.1025641025641026,7.116809116809117,-68.59447483340773,0.3438319540521691,True,False,True,2026-08-12,2026-08-10,down,up,1,1,14.75,3,29885.25,29900.0
2.5702497285559174,1.8717948717948718,2.4843304843304845,-16.680896794005093,0.08361351776443655,True,False,True,2026-08-12,2026-08-11,down,up,1,1,8.0,124,29816.25,29824.25
2.0611898016997166,1.1304347826086956,3.6510416666666665,-63.85402941254506,0.24942980239275414,True,False,True,2026-08-18,2026-08-11,down,up,1,1,11.5,89,29533.5,29545.0
1.675608895164137,0.9111111111111111,2.3842105263157896,40.03553827703581,0.1412188299013609,True,True,False,2026-08-27,2026-08-11,up,up,0,1,7.5,387,29690.75,29698.25
7.570678428901491,4.512195121951219,15.734643734643734,3.4239420546255133,0.00834090634500734,True,True,False,2026-08-13,2026-08-12,up,up,0,1,4.5,4,29943.25,29947.75
2.0466776496430534,1.4838709677419355,3.4178403755868545,41.19168622011057,0.10991777510369731,True,False,True,2026-08-28,2026-08-12,up,down,1,1,13.75,91,29802.0,29815.75
4.434601113172541,2.6,13.065573770491802,-22.78989298182205,0.08911004098464144,True,True,False,2026-08-14,2026-08-13,down,down,0,1,9.25,112,30069.0,30078.25
3.010204081632653,1.2285714285714286,4.841530054644808,-26.925812547353416,0.10528176949111795,True,True,False,2026-08-14,2026-08-13,down,up,1,1,4.5,99,30100.25,30104.75
3.756035578144854,1.8333333333333333,7.7873417721518985,46.621317305078264,0.19966302914380413,True,True,False,2026-08-17,2026-08-13,up,up,0,1,8.0,94,30265.25,30273.25
1.9283819628647214,1.34375,1.5577395577395576,25.728674526075338,0.0769743441318634,True,True,False,2026-09-18,2026-08-13,up,up,0,1,5.5,377,29862.75,29868.25
6.821220159151194,6.34375,5.562653562653563,21.43344078433074,0.06412398140413086,True,True,False,2026-09-18,2026-08-13,up,down,1,1,7.0,385,29914.0,29921.0
6.821220159151194,6.34375,5.562653562653563,21.43344078433074,0.06412398140413086,True,True,False,2026-09-18,2026-08-13,up,down,1,1,5.0,385,29922.0,29927.0
3.580371352785146,3.625,1.3022113022113022,54.37601081676985,0.16268066063356723,True,True,False,2026-09-18,2026-08-13,up,down,1,1,4.0,387,29929.0,29933.0
1.7763659466327828,1.4444444444444444,1.4481012658227848,-36.85426372938673,0.15783410590743782,True,True,False,2026-08-17,2026-08-14,down,up,1,1,5.0,231,30112.25,30117.25
7.645912748835239,5.638888888888889,6.248101265822785,-17.631840743146313,0.07551109525972725,True,False,True,2026-08-17,2026-08-14,down,up,1,1,7.75,3,30190.25,30198.0
3.756035578144854,1.8333333333333333,7.7873417721518985,46.621317305078264,0.19966302914380413,True,True,False,2026-08-17,2026-08-14,up,down,1,1,12.25,94,30268.5,30280.75
6.310517529215359,4.636363636363637,13.180762852404644,10.868103633965802,0.01681067847481176,True,True,False,2026-09-21,2026-08-17,up,up,0,1,9.75,7,30277.0,30286.75
7.325942350332594,6.0,18.42654028436019,-39.497079156182735,0.10784185435135218,True,True,False,2026-08-19,2026-08-18,down,down,0,1,9.25,18,29518.5,29527.75
8.45834079913994,6.932038834951456,12.759562841530055,36.88952316440191,0.13777599687918546,True,True,False,2026-08-20,2026-08-19,up,up,0,1,6.5,5,29431.25,29437.75
5.854653828519028,3.3947368421052633,2.98050139275766,-19.859105931904196,0.07341628810315784,True,False,True,2026-08-25,2026-08-19,up,up,0,1,4.0,15,29375.75,29379.75
5.504355800091701,5.2368421052631575,5.844011142061281,1.508157263695466,0.005575442749336289,True,True,False,2026-08-25,2026-08-19,up,down,1,1,6.0,16,29382.75,29388.75
1.4895870102364983,1.2666666666666666,4.021052631578947,33.93559476504379,0.11970227430350543,True,True,False,2026-08-27,2026-08-19,up,down,1,1,5.25,195,29652.5,29657.75
6.606148632292423,3.357142857142857,1.7177033492822966,-32.938401284613064,0.12278993955121366,True,True,False,2026-08-21,2026-08-20,down,up,1,1,4.5,24,29260.25,29264.75
10.770747363594682,7.5,15.403899721448468,-32.6999203092455,0.12088695123565804,True,True,False,2026-08-25,2026-08-20,down,up,1,1,11.0,60,29202.5,29213.5
5.509001058948112,4.466666666666667,7.689473684210526,-43.116998969573615,0.1520881797868558,True,True,False,2026-08-27,2026-08-20,down,up,1,1,8.75,4,29461.5,29470.25
4.552040348464008,2.0,10.172701949860723,-32.56447529671277,0.12038623030208048,True,True,False,2026-08-25,2026-08-21,down,up,1,1,4.5,53,29220.25,29224.75
2.9099395936298738,1.903225806451613,3.267605633802817,-71.40463087512398,0.19053937525049763,True,True,False,2026-08-28,2026-08-21,down,up,1,1,4.0,171,29484.5,29488.5
3.3599266391563503,2.3684210526315788,6.4735376044568245,-27.79753417428583,0.10276352744652802,True,True,False,2026-08-25,2026-08-24,down,down,0,1,8.0,52,29222.5,29230.5
3.1989912883998164,2.210526315789474,3.2367688022284122,-6.409697658396908,0.02369573995710502,True,False,True,2026-08-25,2026-08-24,down,up,1,1,10.75,45,29233.0,29243.75
4.139612863892699,2.2708333333333335,4.524084778420039,-31.659288886454306,0.10034639900619431,True,True,False,2026-09-01,2026-08-24,down,up,1,1,5.5,11,29038.5,29044.0
3.3046791647614695,2.875,4.913294797687861,2.2235730114662147,0.0070477749967233425,True,True,False,2026-09-01,2026-08-24,up,down,1,1,4.5,17,29140.25,29144.75
3.8933100131176213,1.3333333333333333,4.331428571428572,14.68163265685871,0.03452470936357133,True,True,False,2026-09-14,2026-08-24,up,up,0,1,11.5,14,28947.75,28959.25
2.181959867523865,1.880952380952381,1.9555555555555555,28.555258903299546,0.10162013844590585,True,True,False,2026-08-26,2026-08-25,up,down,1,1,4.0,29,29330.25,29334.25
5.83943661971831,5.560975609756097,11.413978494623656,1.8884144445437414,0.010263121981215985,True,False,True,2026-08-31,2026-08-25,down,down,0,1,4.5,5,29411.5,29416.0
2.5413808870598995,2.2291666666666665,4.951830443159923,16.561160322296928,0.05249179182978424,True,True,False,2026-09-01,2026-08-25,up,down,1,1,4.75,52,29173.75,29178.5
2.113397347965249,1.6041666666666667,4.520231213872832,45.273637682690605,0.14349805921613504,True,True,False,2026-09-01,2026-08-26,up,down,1,1,13.5,39,29156.25,29169.75
3.829763866007688,6.758064516129032,9.690140845070422,-26.662011827396782,0.07114612895903077,True,False,True,2026-08-28,2026-08-27,up,down,1,1,5.5,30,29702.0,29707.5
4.44423661444938,3.4444444444444446,7.080597014925373,124.03636368663501,0.3215459849297084,True,True,False,2026-09-03,2026-08-27,up,up,0,1,4.0,94,29425.75,29429.75
3.7899333486554814,2.507042253521127,4.697802197802198,35.955984502856154,0.16069713744293254,True,True,False,2026-09-04,2026-08-27,up,down,1,1,6.0,4,29630.75,29636.75
4.498480243161095,1.4166666666666667,0.07164179104477612,121.10964422248799,0.3139588962345768,True,False,True,2026-09-03,2026-08-28,up,down,1,1,8.5,95,29437.0,29445.5
5.5559681697612735,3.15625,2.108108108108108,-55.9328816853922,0.16733846427940824,True,False,True,2026-09-18,2026-08-28,down,up,1,1,4.5,35,29715.25,29719.75
3.495490716180371,1.8125,1.538083538083538,-65.41106484255215,0.19569503318639386,True,True,False,2026-09-18,2026-08-28,down,up,1,1,7.25,34,29720.25,29727.5
5.67827916764087,3.7222222222222223,7.982089552238806,63.43641899032082,0.1644495631635018,True,True,False,2026-09-03,2026-08-31,up,down,1,1,10.75,11,29354.0,29364.75
3.155482815057283,2.0,6.411940298507463,12.53032778114357,0.03248302730043699,True,True,False,2026-09-03,2026-08-31,up,down,1,1,17.25,113,29481.5,29498.75
3.81108253448679,2.1666666666666665,5.91044776119403,47.20013614962954,0.12235939377739351,True,True,False,2026-09-03,2026-08-31,up,up,0,1,12.0,119,29526.0,29538.0
8.195538312318138,6.918367346938775,22.095238095238095,18.603784726932645,0.08553464242267883,True,True,False,2026-09-10,2026-09-01,up,down,1,1,4.0,54,29242.75,29246.75
5.759510275470048,3.4523809523809526,13.634285714285713,21.35442062715083,0.05021615667760336,False,True,False,2026-09-14,2026-09-01,up,up,0,1,6.5,36,29051.25,29057.75
8.75660509703063,6.138888888888889,7.86865671641791,-9.950564487622614,0.025795371322417666,True,True,False,2026-09-03,2026-09-02,down,up,1,1,12.25,6,29200.25,29212.5
5.65194578049847,2.2857142857142856,5.0685714285714285,105.33413992485657,0.24769932962929236,True,True,False,2026-09-14,2026-09-02,up,up,0,1,9.25,18,29017.25,29026.5
3.2723511836359456,2.8732394366197185,11.236263736263735,-17.777829898739583,0.07945398837425512,True,True,False,2026-09-04,2026-09-03,down,up,1,1,4.5,86,29500.25,29504.75
2.08955223880597,1.9148936170212767,1.3652694610778444,-12.431009127787547,0.1511368890916419,True,False,True,2026-09-07,2026-09-03,down,up,1,1,4.75,105,29580.25,29585.0
6.017919580419581,2.682926829268293,10.522666666666666,-16.06920080992859,0.061274359618412155,True,True,False,2026-09-08,2026-09-03,down,up,1,1,10.25,32,29443.75,29454.0
5.428321678321678,3.268292682926829,8.181333333333333,-80.86569769461494,0.30835347071349833,True,True,False,2026-09-08,2026-09-03,down,down,0,1,5.25,10,29556.5,29561.75
6.225198637911464,3.6363636363636362,10.392572944297083,-101.87996731582098,0.43215256549658954,True,True,False,2026-09-09,2026-09-03,down,up,1,1,4.25,101,29393.0,29397.25
8.195538312318138,6.918367346938775,22.095238095238095,18.603784726932645,0.08553464242267883,True,True,False,2026-09-10,2026-09-03,up,up,0,1,4.0,54,29206.5,29210.5
5.205856643356643,3.5121951219512195,11.749333333333333,-93.8631792947599,0.35791488768259255,True,True,False,2026-09-08,2026-09-04,down,up,1,1,11.5,14,29468.25,29479.75
5.428321678321678,3.268292682926829,8.181333333333333,-80.86569769461494,0.30835347071349833,True,True,False,2026-09-08,2026-09-04,down,down,0,1,4.5,10,29545.25,29549.75
5.2049825174825175,3.8536585365853657,4.442666666666667,-78.29052478784797,0.29853393627396746,True,True,False,2026-09-08,2026-09-07,down,up,1,1,6.0,5,29563.75,29569.75
5.671328671328672,3.1463414634146343,10.432,-76.99086317772162,0.2935781246052302,True,False,True,2026-09-08,2026-09-07,down,up,1,1,5.0,4,29574.25,29579.25
4.971532404603271,3.1666666666666665,4.106194690265487,-66.53446396052459,0.35485047445613116,True,True,False,2026-09-17,2026-09-07,down,down,0,1,6.5,7,29628.25,29634.75
4.663840096910963,3.1,5.014749262536873,-53.44870026163335,0.2850597347287112,True,True,False,2026-09-17,2026-09-07,down,up,1,1,9.75,4,29636.25,29646.0
7.289739500265816,3.5428571428571427,1.6781609195402298,29.328433198137645,0.17721107672590722,True,False,True,2026-09-11,2026-09-08,up,down,1,1,4.25,5,29424.5,29428.75
7.9362041467304625,5.4,6.333333333333333,6.911855297486909,0.041763476117745675,True,True,False,2026-09-11,2026-09-08,up,down,1,1,8.5,11,29429.25,29437.75
4.794927853082641,3.9285714285714284,8.588571428571429,36.63294220811804,0.08614448491033048,True,True,False,2026-09-14,2026-09-10,up,down,1,1,11.0,198,29264.25,29275.25
4.3765996343692875,3.5277777777777777,18.134969325153374,-14.518113207217539,0.05950046396400631,False,True,False,2026-09-15,2026-09-11,down,down,0,1,5.75,51,29334.0,29339.75
3.280316879951249,2.5555555555555554,2.226993865030675,-66.33963353217405,0.27188374398431986,True,True,False,2026-09-15,2026-09-11,down,down,0,1,7.5,43,29342.25,29349.75
3.767778836987607,2.0444444444444443,18.12064965197216,14.685877744959726,0.02938644871427659,False,True,False,2026-09-16,2026-09-11,up,up,0,1,8.75,89,29490.75,29499.5
8.809872029250457,5.222222222222222,10.85276073619632,-23.224944799734658,0.09518419999891253,True,True,False,2026-09-15,2026-09-14,down,down,0,1,7.5,81,29230.25,29237.75
4.232175502742231,1.8333333333333333,4.288343558282208,-17.40354291317999,0.07132599554581963,True,True,False,2026-09-15,2026-09-14,down,down,0,1,7.25,68,29291.0,29298.25
3.612431444241316,1.3888888888888888,2.773006134969325,-36.36035203706342,0.14901783621747303,True,True,False,2026-09-15,2026-09-14,down,up,1,1,6.5,53,29299.25,29305.75
3.1912297426120113,3.2888888888888888,5.025522041763341,-90.61541703169496,0.18132149481079532,True,True,False,2026-09-16,2026-09-14,down,up,1,1,4.25,349,29090.25,29094.5
3.1912297426120113,3.2888888888888888,5.025522041763341,-90.61541703169496,0.18132149481079532,True,True,False,2026-09-16,2026-09-14,down,down,0,1,5.5,349,29100.25,29105.75
3.0142993326978074,2.4,0.2088167053364269,-116.18471551263065,0.23248567386219238,True,False,True,2026-09-16,2026-09-14,down,down,0,1,7.75,342,29130.25,29138.0
4.022878932316492,4.4,4.918793503480279,-1.0541187319649907,0.002109292109984974,True,True,False,2026-09-16,2026-09-15,down,down,0,1,7.75,338,29208.75,29216.5
3.763584366062917,4.377777777777778,2.422273781902552,-97.9055850806144,0.1959091247235906,True,True,False,2026-09-16,2026-09-15,down,up,1,1,6.75,306,29300.5,29307.25
3.928693994280267,3.688888888888889,6.296983758700696,-81.38699585850554,0.16285541942672443,True,True,False,2026-09-16,2026-09-15,down,down,0,1,5.5,305,29334.25,29339.75
2.361105815061964,2.7111111111111112,1.5220417633410672,-76.88175736890844,0.15384043495529454,True,True,False,2026-09-16,2026-09-15,down,down,0,1,13.0,304,29363.25,29376.25
4.5159199237368925,2.2888888888888888,5.907192575406032,13.027939484483795,0.02606891342568043,True,True,False,2026-09-16,2026-09-15,up,up,0,1,15.75,16,29437.0,29452.75
6.156498673740053,3.15625,15.572481572481573,-7.225815159148624,0.021617995988477558,True,True,False,2026-09-18,2026-09-17,down,up,1,1,6.0,46,29693.75,29699.75
6.156498673740053,3.15625,15.572481572481573,-7.225815159148624,0.021617995988477558,True,True,False,2026-09-18,2026-09-17,down,up,1,1,4.5,46,29700.25,29704.75
3.0259946949602123,1.9375,0.4520884520884521,-46.56587796317035,0.13931451896236455,True,False,True,2026-09-18,2026-09-17,down,up,1,1,6.0,21,29781.25,29787.25
5.2585222037958355,3.6129032258064515,5.23046875,-94.36538144854421,0.2531599770584687,True,False,True,2026-09-23,2026-09-21,down,up,1,1,5.5,50,30660.25,30665.75
4.689883913764511,2.043010752688172,0.3359375,-103.36699690020032,0.27730918014808936,True,False,True,2026-09-23,2026-09-21,down,up,1,1,11.0,43,30699.5,30710.5
2.988391376451078,1.2903225806451613,3.97265625,-12.422218090399838,0.03332587012850392,True,True,False,2026-09-23,2026-09-21,down,down,0,1,8.25,36,30813.25,30821.5
3.338985296065704,2.0847457627118646,3.7602427921092563,23.514949255837564,0.06972557229306912,True,True,False,2026-09-24,2026-09-21,up,up,0,1,5.75,5,30560.25,30566.0
2.6599549609219766,1.6271186440677967,4.006069802731411,62.456298431719915,0.18519287896729403,True,True,False,2026-09-24,2026-09-21,up,down,1,1,5.5,8,30594.25,30599.75
2.524042919591999,2.016949152542373,9.45371775417299,38.31700034340611,0.11361601287889135,False,True,False,2026-09-24,2026-09-21,up,down,1,1,4.5,57,30632.25,30636.75
4.881053126469205,2.5045045045045047,6.624040920716112,-135.42867372562978,0.33625989751863383,True,True,False,2026-09-28,2026-09-21,down,down,0,1,6.75,77,30377.0,30383.75
4.881053126469205,2.5045045045045047,6.624040920716112,-135.42867372562978,0.33625989751863383,True,True,False,2026-09-28,2026-09-21,down,down,0,1,7.0,77,30385.5,30392.5
4.134461683121768,2.8828828828828827,12.772378516624041,-65.70761156729714,0.1631473906078141,True,True,False,2026-09-28,2026-09-21,down,down,0,1,5.25,73,30444.25,30449.5
2.5438019119260304,1.8198198198198199,6.250639386189258,-47.210421528860024,0.11722016518649292,True,True,False,2026-09-28,2026-09-21,down,down,0,1,4.5,72,30481.25,30485.75
3.0123805046231,1.5135135135135136,5.21227621483376,-94.51532692395995,0.23467492718549957,True,True,False,2026-09-28,2026-09-21,down,down,0,1,4.5,41,30531.75,30536.25
2.619126589275843,1.4408602150537635,1.94921875,-67.91663574690392,0.18220425418351152,True,False,True,2026-09-23,2026-09-22,down,up,1,1,7.75,26,30829.25,30837.0
5.5194398378477985,2.6451612903225805,0.17578125,-45.516670501852786,0.12211045070919593,True,False,True,2026-09-23,2026-09-22,down,up,1,1,9.0,17,30870.25,30879.25
4.5890781722655625,3.614678899082569,6.5508474576271185,-101.09833689282823,0.34299690209610934,True,True,False,2026-10-02,2026-09-22,down,up,1,1,8.75,102,31048.75,31057.5
6.362697045966353,6.576271186440678,10.537177541729895,49.97190636494997,0.14817466676041505,True,True,False,2026-09-24,2026-09-23,up,up,0,1,9.5,166,30640.25,30649.75
5.033529845246868,2.98,6.6653306613226455,8.065201580950088,0.030037994714897907,True,True,False,2026-09-25,2026-09-23,up,up,0,1,5.0,4,30830.25,30835.25
3.179439941046426,1.62,7.683366733466934,17.695177437664825,0.06590382658348165,True,True,False,2026-09-25,2026-09-23,up,up,0,1,14.75,23,30891.0,30905.75
4.459799395000796,4.422018348623853,10.940677966101696,-6.899803912820062,0.02340900394510623,True,True,False,2026-10-02,2026-09-23,down,up,1,1,4.0,114,30995.75,30999.75
4.032596771665883,1.8738738738738738,10.445012787723785,-38.532873344691325,0.09567442171245519,True,True,False,2026-09-28,2026-09-24,down,up,1,1,17.0,68,30490.25,30507.25
5.225826672935277,4.216216216216216,12.0153452685422,-21.201903580335056,0.05264283942975805,True,True,False,2026-09-28,2026-09-24,down,up,1,1,9.5,5,30640.25,30649.75
3.848365187174222,3.9215686274509802,11.518900343642612,54.416698584849655,0.2021047301201473,True,True,False,2026-09-30,2026-09-24,up,up,0,1,13.25,29,30814.25,30827.5
3.848365187174222,3.9215686274509802,11.518900343642612,54.416698584849655,0.2021047301201473,True,True,False,2026-09-30,2026-09-25,up,up,0,1,4.25,29,30840.5,30844.75
4.079055912007333,2.638888888888889,5.67037037037037,-11.473592801885388,0.03259543409626531,True,True,False,2026-10-01,2026-09-30,down,down,0,1,9.5,31,30640.25,30649.75
