set,sl,tp,rr,n,win,null_win,breakeven_win,lose,tie,open,gross_pts,net_pts,net_opt_pts,usd,net_per_sl,med_bars
A,10,10,1.0,2532,0.4806477093206951,0.5,0.55,0.46445497630331756,0.025671406003159557,0.029225908372827805,-0.11255924170616113,-1.1125592417061612,-0.59913112164297,-2.2251184834123223,-0.11125592417061611,2
A,10,15,1.5,2532,0.38981042654028436,0.4,0.44,0.5552922590837283,0.01579778830963665,0.03909952606635071,0.17505924170616113,-0.8249407582938388,-0.42999605055292256,-1.6498815165876777,-0.08249407582938388,3
A,10,20,2.0,2532,0.32306477093206953,0.3333333333333333,0.36666666666666664,0.6161137440758294,0.011058451816745656,0.04976303317535545,0.3380726698262243,-0.6619273301737757,-0.33017377567140604,-1.3238546603475514,-0.06619273301737758,3
A,10,30,3.0,2532,0.2353870458135861,0.25,0.275,0.7010268562401264,0.0039494470774091624,0.05963665086887836,0.28890205371248023,-0.7110979462875198,-0.5531200631911533,-1.4221958925750395,-0.07110979462875197,4
A,10,40,4.0,2532,0.18325434439178515,0.2,0.22,0.7424960505529226,0.002369668246445498,0.07187993680884676,0.41251974723538704,-0.587480252764613,-0.468996840442338,-1.174960505529226,-0.0587480252764613,5
A,10,50,5.0,2532,0.1386255924170616,0.16666666666666666,0.18333333333333332,0.7808056872037915,0.0007898894154818325,0.07977883096366509,-0.129739336492891,-1.129739336492891,-1.082345971563981,-2.259478672985782,-0.1129739336492891,5
A,10,60,6.0,2532,0.11729857819905214,0.14285714285714285,0.15714285714285714,0.7950236966824644,0.00039494470774091627,0.0872827804107425,0.09893364928909952,-0.9010663507109005,-0.8734202211690363,-1.802132701421801,-0.09010663507109004,5
A,10,75,7.5,2532,0.09399684044233807,0.11764705882352941,0.12941176470588237,0.806477093206951,0.00039494470774091627,0.09913112164296999,0.44243680884676145,-0.5575631911532386,-0.5239928909952607,-1.1151263823064772,-0.05575631911532386,5
A,10,100,10.0,2532,0.06358609794628751,0.09090909090909091,0.1,0.8218799368088467,0.00039494470774091627,0.1141390205371248,0.4972353870458136,-0.5027646129541864,-0.4593206951026856,-1.0055292259083728,-0.05027646129541864,5
A,15,10,0.6666666666666666,2532,0.580568720379147,0.6,0.64,0.3684834123222749,0.012243285939968405,0.038704581358609796,0.025770142180094786,-0.9742298578199052,-0.6681477093206951,-1.9484597156398105,-0.06494865718799368,3
A,15,15,1.0,2532,0.48104265402843605,0.5,0.5333333333333333,0.45734597156398105,0.009083728278041074,0.05252764612954187,0.2249210110584518,-0.7750789889415481,-0.5025671406003159,-1.5501579778830963,-0.05167193259610321,4
A,15,20,1.3333333333333333,2532,0.40718799368088465,0.42857142857142855,0.45714285714285713,0.5205371248025277,0.007503949447077409,0.06477093206951026,0.3515995260663507,-0.6484004739336493,-0.38576224328594,-1.2968009478672986,-0.043226698262243284,5
A,15,30,2.0,2532,0.3041074249605055,0.3333333333333333,0.35555555555555557,0.6161137440758294,0.002764612954186414,0.07701421800947868,0.13201026856240125,-0.8679897314375987,-0.7435821484992101,-1.7359794628751974,-0.057865982095839916,7
A,15,40,2.6666666666666665,2532,0.23973143759873616,0.2727272727272727,0.2909090909090909,0.6646919431279621,0.001579778830963665,0.09399684044233807,0.23252369668246445,-0.7674763033175356,-0.680588467614534,-1.5349526066350712,-0.051165086887835706,8
A,15,50,3.3333333333333335,2532,0.18522906793048974,0.23076923076923078,0.24615384615384617,0.7089257503949447,0.00039494470774091627,0.10545023696682465,-0.42683649289099523,-1.4268364928909953,-1.4011650868878358,-2.8536729857819907,-0.09512243285939968,9
A,15,60,4.0,2532,0.15481832543443919,0.2,0.21333333333333335,0.7282780410742496,0.00039494470774091627,0.1165086887835703,-0.28515007898894157,-1.2851500789889416,-1.2555292259083728,-2.5703001579778832,-0.08567667193259611,10
A,15,75,5.0,2532,0.12440758293838862,0.16666666666666666,0.17777777777777778,0.7440758293838863,0.00039494470774091627,0.13112164296998421,0.09893364928909952,-0.9010663507109005,-0.865521327014218,-1.802132701421801,-0.06007109004739337,10
A,15,100,6.666666666666667,2532,0.08372827804107424,0.13043478260869565,0.1391304347826087,0.7638230647709321,0.00039494470774091627,0.15205371248025276,0.041666666666666664,-0.9583333333333334,-0.9129146919431279,-1.9166666666666667,-0.0638888888888889,11
A,20,10,0.5,2532,0.6484992101105845,0.6666666666666666,0.7,0.30055292259083727,0.0071090047393364926,0.04383886255924171,0.22600710900473933,-0.7739928909952607,-0.5607227488151658,-1.5479857819905214,-0.03869964454976303,3
A,20,15,0.75,2532,0.5529225908372828,0.5714285714285714,0.6,0.38191153238546605,0.005924170616113744,0.05924170616113744,0.4968404423380727,-0.5031595576619273,-0.2958135860979463,-1.0063191153238547,-0.025157977883096365,5
A,20,20,1.0,2532,0.47235387045813587,0.5,0.525,0.4510268562401264,0.004344391785150079,0.07227488151658767,0.4270339652448657,-0.5729660347551343,-0.39919036334913116,-1.1459320695102686,-0.028648301737756714,7
A,20,30,1.5,2532,0.3613744075829384,0.4,0.42,0.5469984202211691,0.002369668246445498,0.08925750394944708,0.13359004739336494,-0.8664099526066351,-0.7479265402843602,-1.7328199052132702,-0.04332049763033176,9
A,20,40,2.0,2532,0.28988941548183256,0.3333333333333333,0.35,0.59913112164297,0.001184834123222749,0.10979462875197472,0.28475513428120064,-0.7152448657187993,-0.6441548183254344,-1.4304897314375986,-0.035762243285939965,11
A,20,50,2.5,2532,0.23025276461295419,0.2857142857142857,0.3,0.6453396524486572,0.0,0.12440758293838862,-0.32760663507109006,-1.32760663507109,-1.32760663507109,-2.65521327014218,-0.0663803317535545,13
A,20,60,3.0,2532,0.19273301737756715,0.25,0.2625,0.6678515007898894,0.0,0.13941548183254343,-0.200434439178515,-1.200434439178515,-1.200434439178515,-2.40086887835703,-0.060021721958925744,14
A,20,75,3.75,2532,0.15481832543443919,0.21052631578947367,0.22105263157894736,0.6848341232227488,0.0,0.160347551342812,0.2933451816745656,-0.7066548183254344,-0.7066548183254344,-1.4133096366508688,-0.03533274091627172,16
A,20,100,5.0,2532,0.10584518167456557,0.16666666666666666,0.175,0.707740916271722,0.0,0.18641390205371247,0.22531595576619273,-0.7746840442338072,-0.7746840442338072,-1.5493680884676144,-0.03873420221169036,17
A,25,10,0.4,2532,0.6820695102685624,0.7142857142857143,0.7428571428571429,0.2618483412322275,0.005924170616113744,0.050157977883096366,-0.03712480252764613,-1.037124802527646,-0.8297788309636651,-2.074249605055292,-0.041484992101105844,4
A,25,15,0.6,2532,0.590047393364929,0.625,0.65,0.33767772511848343,0.004344391785150079,0.0679304897314376,0.17367693522906794,-0.8263230647709321,-0.6525473933649288,-1.6526461295418642,-0.03305292259083728,6
A,25,20,0.8,2532,0.5122432859399684,0.5555555555555556,0.5777777777777777,0.4004739336492891,0.004344391785150079,0.08293838862559241,0.1141390205371248,-0.8858609794628752,-0.6903633491311216,-1.7717219589257505,-0.035434439178515006,8
A,25,30,1.2,2532,0.40165876777251186,0.45454545454545453,0.4727272727272727,0.4932859399684044,0.002369668246445498,0.10268562401263823,-0.1773301737756714,-1.1773301737756714,-1.046998420221169,-2.354660347551343,-0.04709320695102685,11
A,25,40,1.6,2532,0.32582938388625593,0.38461538461538464,0.4,0.5442338072669827,0.0019747235387045812,0.12796208530805686,-0.043048973143759876,-1.0430489731437598,-0.9146919431279621,-2.0860979462875195,-0.04172195892575039,14
A,25,50,2.0,2532,0.26105845181674564,0.3333333333333333,0.3466666666666667,0.593996840442338,0.0,0.14494470774091628,-0.7807069510268563,-1.7807069510268563,-1.7807069510268563,-3.5614139020537126,-0.07122827804107425,17
A,25,60,2.4,2532,0.22037914691943128,0.29411764705882354,0.3058823529411765,0.6165086887835703,0.0,0.16311216429699843,-0.569411532385466,-1.569411532385466,-1.569411532385466,-3.138823064770932,-0.06277646129541864,19
A,25,75,3.0,2532,0.17772511848341233,0.25,0.26,0.6350710900473934,0.0,0.1872037914691943,-0.05934044233807267,-1.0593404423380726,-1.0593404423380726,-2.118680884676145,-0.0423736176935229,21
A,25,100,4.0,2532,0.12480252764612954,0.2,0.208,0.6587677725118484,0.0,0.21642969984202212,0.07286729857819906,-0.9271327014218009,-0.9271327014218009,-1.8542654028436019,-0.03708530805687204,24
A,30,10,0.3333333333333333,2532,0.7148499210110585,0.75,0.775,0.2282780410742496,0.002764612954186414,0.05410742496050553,-0.013033175355450236,-1.0130331753554502,-0.9024486571879937,-2.0260663507109005,-0.03376777251184834,4
A,30,15,0.5,2532,0.6263823064770933,0.6666666666666666,0.6888888888888889,0.2958135860979463,0.002764612954186414,0.0750394944707741,0.23785545023696683,-0.7621445497630331,-0.6377369668246445,-1.5242890995260663,-0.02540481832543444,7
A,30,20,0.6666666666666666,2532,0.5493680884676145,0.6,0.62,0.35347551342812006,0.0035545023696682463,0.09360189573459715,0.13842812006319116,-0.8615718799368088,-0.6838467614533965,-1.7231437598736177,-0.028719062664560296,9
A,30,30,1.0,2532,0.4399684044233807,0.5,0.5166666666666667,0.44352290679304895,0.002369668246445498,0.1141390205371248,-0.15787914691943128,-1.1578791469194312,-1.0156990521327014,-2.3157582938388623,-0.03859597156398104,13
A,30,40,1.3333333333333333,2532,0.36058451816745657,0.42857142857142855,0.44285714285714284,0.4960505529225908,0.0019747235387045812,0.14139020537124802,-0.10781990521327015,-1.1078199052132702,-0.9695892575039494,-2.2156398104265405,-0.036927330173775676,18
A,30,50,1.6666666666666667,2532,0.2914691943127962,0.375,0.3875,0.5450236966824644,0.0,0.16350710900473933,-0.7966034755134281,-1.7966034755134281,-1.7966034755134281,-3.5932069510268563,-0.059886782517114275,21
A,30,60,2.0,2532,0.24921011058451817,0.3333333333333333,0.34444444444444444,0.5667456556082149,0.0,0.18404423380726698,-0.4084715639810427,-1.4084715639810428,-1.4084715639810428,-2.8169431279620856,-0.046949052132701424,24
A,30,75,2.5,2532,0.20260663507109006,0.2857142857142857,0.29523809523809524,0.5880726698262243,0.0,0.2093206951026856,0.10703001579778831,-0.8929699842022116,-0.8929699842022116,-1.7859399684044233,-0.02976566614007372,27
A,30,100,3.3333333333333335,2532,0.14178515007898895,0.23076923076923078,0.23846153846153847,0.6145339652448657,0.0,0.24368088467614535,0.11088072669826224,-0.8891192733017378,-0.8891192733017378,-1.7782385466034756,-0.029637309110057925,31
A,40,10,0.25,2532,0.7567140600315956,0.8,0.82,0.17654028436018956,0.001579778830963665,0.06516587677725119,-0.00631911532385466,-1.0063191153238547,-0.9273301737756714,-2.0126382306477093,-0.025157977883096365,5
A,40,15,0.375,2532,0.6765402843601895,0.7272727272727273,0.7454545454545455,0.23104265402843602,0.002369668246445498,0.09004739336492891,0.30785939968404424,-0.6921406003159558,-0.5618088467614534,-1.3842812006319116,-0.017303515007898895,8
A,40,20,0.5,2532,0.6046603475513428,0.6666666666666666,0.6833333333333333,0.28080568720379145,0.002369668246445498,0.11216429699842022,0.28534755134281203,-0.7146524486571879,-0.5724723538704581,-1.4293048973143758,-0.017866311216429696,11
A,40,30,0.75,2532,0.49921011058451814,0.5714285714285714,0.5857142857142857,0.35742496050552924,0.001579778830963665,0.14178515007898895,0.15649684044233808,-0.8435031595576619,-0.7329186413902053,-1.6870063191153237,-0.021087578988941546,18
A,40,40,1.0,2532,0.415086887835703,0.5,0.5125,0.4067930489731438,0.001579778830963665,0.17654028436018956,0.21949052132701422,-0.7805094786729858,-0.6541271721958926,-1.5610189573459716,-0.019512736966824644,24
A,40,50,1.25,2532,0.3420221169036335,0.4444444444444444,0.45555555555555555,0.4518167456556082,0.00039494470774091627,0.20576619273301738,-0.45507503949447076,-1.4550750394944707,-1.4195300157977884,-2.9101500789889414,-0.036376875987361765,29
A,40,60,1.5,2532,0.296998420221169,0.4,0.41,0.47195892575039494,0.00039494470774091627,0.23064770932069512,0.19026461295418642,-0.8097353870458136,-0.770240916271722,-1.6194707740916272,-0.02024338467614534,33
A,40,75,1.875,2532,0.24328593996840442,0.34782608695652173,0.3565217391304348,0.49447077409162715,0.0,0.26224328593996843,0.77586887835703,-0.22413112164297,-0.22413112164297,-0.44826224328594,-0.00560327804107425,38
A,40,100,2.5,2532,0.174565560821485,0.2857142857142857,0.29285714285714287,0.5221169036334913,0.0,0.3033175355450237,0.9346366508688784,-0.06536334913112163,-0.06536334913112163,-0.13072669826224326,-0.0016340837282780407,44
A,50,10,0.2,2532,0.7796208530805687,0.8333333333333334,0.85,0.1457345971563981,0.001184834123222749,0.07345971563981042,-0.2431872037914692,-1.2431872037914693,-1.1720971563981042,-2.4863744075829386,-0.024863744075829385,5
A,50,15,0.3,2532,0.7041864139020537,0.7692307692307693,0.7846153846153846,0.19036334913112166,0.002369668246445498,0.10308056872037914,0.04364139020537125,-0.9563586097946287,-0.8023301737756714,-1.9127172195892574,-0.019127172195892574,9
A,50,20,0.4,2532,0.6370458135860979,0.7142857142857143,0.7285714285714285,0.23499210110584517,0.001579778830963665,0.1263823064770932,0.04571484992101106,-0.954285150078989,-0.8437006319115323,-1.908570300157978,-0.01908570300157978,13
A,50,30,0.6,2532,0.5347551342812006,0.625,0.6375,0.3009478672985782,0.001184834123222749,0.16311216429699843,0.023696682464454975,-0.976303317535545,-0.8815165876777251,-1.95260663507109,-0.0195260663507109,21
A,50,40,0.8,2532,0.4537914691943128,0.5555555555555556,0.5666666666666667,0.3439968404423381,0.001184834123222749,0.2010268562401264,0.3763823064770932,-0.6236176935229067,-0.5169826224328594,-1.2472353870458135,-0.012472353870458135,29
A,50,50,1.0,2532,0.3767772511848341,0.5,0.51,0.38744075829383884,0.00039494470774091627,0.2353870458135861,-0.49881516587677727,-1.4988151658767772,-1.4593206951026856,-2.9976303317535544,-0.029976303317535546,35
A,50,60,1.2,2532,0.32661927330173773,0.45454545454545453,0.4636363636363636,0.40916271721958924,0.00039494470774091627,0.2638230647709321,-0.033274091627172195,-1.033274091627172,-0.9898301737756714,-2.066548183254344,-0.020665481832543443,40
A,50,75,1.5,2532,0.2697472353870458,0.4,0.408,0.43088467614533965,0.0,0.29936808846761453,0.5781003159557662,-0.42189968404423384,-0.42189968404423384,-0.8437993680884677,-0.008437993680884676,46
A,50,100,2.0,2532,0.1970774091627172,0.3333333333333333,0.34,0.45537124802527645,0.0,0.34755134281200634,1.0576619273301737,0.05766192733017372,0.05766192733017372,0.11532385466034745,0.0011532385466034745,56
B,10,10,1.0,8962,0.4447667931265343,0.5,0.55,0.4459941977237224,0.010823476902477126,0.09841553224726624,-0.12148515956259763,-1.1214851595625976,-0.9050156215130551,-2.2429703191251953,-0.11214851595625977,3
B,10,15,1.5,8962,0.3500334746708324,0.4,0.44,0.5307966971658112,0.00557911180540058,0.11359071635795581,-0.025636018745815666,-1.0256360187458156,-0.8861582236108012,-2.051272037491631,-0.10256360187458155,5
B,10,20,2.0,8962,0.28286096853380943,0.3333333333333333,0.36666666666666664,0.5872573086364651,0.004016960499888418,0.1258647623298371,-0.05877594286989511,-1.058775942869895,-0.9382671278732426,-2.11755188573979,-0.10587759428698951,6
B,10,30,3.0,8962,0.20229859406382503,0.25,0.275,0.653983485829056,0.0015621513055121626,0.1421557688016068,-0.05640482035259987,-1.0564048203526,-0.9939187681321133,-2.1128096407052,-0.10564048203526,7
B,10,40,4.0,8962,0.153648739120732,0.2,0.22,0.6909172059808079,0.0010042401249721045,0.15442981477348805,-0.08209663021646954,-1.0820966302164696,-1.0318846239678643,-2.1641932604329392,-0.10820966302164696,8
B,10,50,5.0,8962,0.11805400580227628,0.16666666666666666,0.18333333333333332,0.7174737781745146,0.0005579111805400581,0.16391430484266906,-0.317395670609239,-1.3173956706092391,-1.2839209997768355,-2.6347913412184782,-0.1317395670609239,9
B,10,60,6.0,8962,0.0970765454139701,0.14285714285714285,0.15714285714285714,0.7310868109796921,0.0001115822361080116,0.17172506137022986,-0.23435059138585138,-1.2343505913858515,-1.2265398348582905,-2.468701182771703,-0.12343505913858514,9
B,10,75,7.5,8962,0.0740906047757197,0.11764705882352941,0.12941176470588237,0.7425797812988172,0.0001115822361080116,0.18321803168935505,-0.13543293907609907,-1.135432939076099,-1.125948449006918,-2.270865878152198,-0.11354329390760991,9
B,10,100,10.0,8962,0.04775719705422897,0.09090909090909091,0.1,0.7529569292568623,0.0001115822361080116,0.19917429145280072,-0.1299096183887525,-1.1299096183887525,-1.1176355724168712,-2.259819236777505,-0.11299096183887525,9
B,15,10,0.6666666666666666,8962,0.5272260656103548,0.6,0.64,0.35148404374023656,0.006137022985940638,0.11515286766346798,-0.1941809863869672,-1.1941809863869672,-1.0407554117384512,-2.3883619727739345,-0.07961206575913114,5
B,15,15,1.0,8962,0.42925686230752064,0.5,0.5333333333333333,0.43438964516848916,0.003124302611024325,0.13322918991296587,-0.13175072528453471,-1.1317507252845347,-1.038021646953805,-2.2635014505690694,-0.07545004835230232,7
B,15,20,1.3333333333333333,8962,0.35538942200401696,0.42857142857142855,0.45714285714285713,0.4944208881945994,0.0026779736665922785,0.14751171613479133,-0.23817228297255078,-1.2381722829725508,-1.1444432046418211,-2.4763445659451016,-0.08254481886483672,9
B,15,30,2.0,8962,0.2635572416871234,0.3333333333333333,0.35555555555555557,0.5660566837759429,0.0017853157777281857,0.16860075875920552,-0.2230807855389422,-1.2230807855389423,-1.1427415755411738,-2.4461615710778846,-0.08153871903592949,11
B,15,40,2.6666666666666665,8962,0.2049765677304173,0.2727272727272727,0.2909090909090909,0.6076768578442312,0.0013389868332961392,0.18600758759205535,-0.20508814996652533,-1.2050881499665254,-1.1314438741352377,-2.4101762999330507,-0.08033920999776836,13
B,15,50,3.3333333333333335,8962,0.15833519303726848,0.23076923076923078,0.24615384615384617,0.6412631109127427,0.0004463289444320464,0.1999553671055568,-0.5990850256639143,-1.5990850256639142,-1.5700736442758312,-3.1981700513278284,-0.10660566837759428,15
B,15,60,4.0,8962,0.1299933050658335,0.2,0.21333333333333335,0.6584467752733765,0.0001115822361080116,0.211448337424682,-0.5723889756750725,-1.5723889756750724,-1.5640203079669717,-3.144777951350145,-0.1048259317116715,16
B,15,75,5.0,8962,0.09953135460834635,0.16666666666666666,0.17777777777777778,0.6741798705646062,0.0001115822361080116,0.22617719259093952,-0.509623967864316,-1.509623967864316,-1.4995815666145949,-3.019247935728632,-0.10064159785762107,17
B,15,100,6.666666666666667,8962,0.06337871010935059,0.13043478260869565,0.1391304347826087,0.6886855612586477,0.0001115822361080116,0.24782414639589379,-0.6974168712340996,-1.6974168712340996,-1.6845849140816782,-3.394833742468199,-0.11316112474893997,18
B,20,10,0.5,8962,0.5845793349698728,0.6666666666666666,0.7,0.2866547645614818,0.0032358848471323366,0.12553001562151306,-0.15331399241240795,-1.153313992412408,-1.056237446998438,-2.306627984824816,-0.0576656996206204,6
B,20,15,0.75,8962,0.4858290560142825,0.5714285714285714,0.6,0.365431823253738,0.0026779736665922785,0.1460611470653872,-0.19074983262664583,-1.190749832626646,-1.097020754295916,-2.381499665253292,-0.0595374916313323,9
B,20,20,1.0,8962,0.41129212229413076,0.5,0.525,0.42423566168266014,0.0023432269582682437,0.16212898906494086,-0.31309975451908056,-1.3130997545190806,-1.2193706761883507,-2.626199509038161,-0.06565498772595403,11
B,20,30,1.5,8962,0.31376924793572863,0.4,0.42,0.4960946217362196,0.0021200624860522204,0.18801606784199956,-0.26495201963847353,-1.2649520196384736,-1.1589488953358624,-2.529904039276947,-0.06324760098192368,15
B,20,40,2.0,8962,0.24748939968756975,0.3333333333333333,0.35,0.5411738451238562,0.0012274045971881276,0.21010935059138586,-0.2578386520865878,-1.2578386520865878,-1.1841943762553002,-2.5156773041731757,-0.06289193260432939,19
B,20,50,2.5,8962,0.19314885070296808,0.2857142857142857,0.3,0.5777728185672841,0.0003347467083240348,0.22874358402142378,-0.760070296808748,-1.760070296808748,-1.7366380272260655,-3.520140593617496,-0.0880035148404374,21
B,20,60,3.0,8962,0.16012050881499665,0.25,0.2625,0.5968533809417541,0.0,0.24302611024324927,-0.6860354831510823,-1.6860354831510822,-1.6860354831510822,-3.3720709663021644,-0.0843017741575541,23
B,20,75,3.75,8962,0.12374469984378487,0.21052631578947367,0.22105263157894736,0.6144833742468199,0.0,0.26177192590939524,-0.6018187904485606,-1.6018187904485606,-1.6018187904485606,-3.203637580897121,-0.08009093952242803,25
B,20,100,5.0,8962,0.08022762776166034,0.16666666666666666,0.175,0.6308859629546976,0.0,0.28888640928364206,-0.7765286766346797,-1.7765286766346797,-1.7765286766346797,-3.5530573532693595,-0.08882643383173398,27
B,25,10,0.4,8962,0.6215130551216247,0.7142857142857143,0.7428571428571429,0.2412407944655211,0.0030127203749163133,0.13423343003793797,-0.19448783753626422,-1.1944878375362642,-1.0890426244141933,-2.3889756750725284,-0.04777951350145057,7
B,25,15,0.6,8962,0.5264449899575987,0.625,0.65,0.3135460834635126,0.002566391430484267,0.15744253514840437,-0.24774045971881276,-1.2477404597188126,-1.145084802499442,-2.4954809194376253,-0.049909618388752505,10
B,25,20,0.8,8962,0.45436286543182325,0.5555555555555556,0.5777777777777777,0.3668823923231422,0.002454809194376255,0.17629993305065833,-0.3061537603213568,-1.3061537603213569,-1.1956873465744253,-2.6123075206427138,-0.05224615041285428,14
B,25,30,1.2,8962,0.3548315108234769,0.45454545454545453,0.4727272727272727,0.4357286320017853,0.0021200624860522204,0.20731979468868555,-0.15613144387413525,-1.1561314438741352,-1.0395280071412631,-2.3122628877482705,-0.04624525775496541,19
B,25,40,1.6,8962,0.28319571524213344,0.38461538461538464,0.4,0.48147734880607007,0.0012274045971881276,0.23409953135460834,-0.1354608346351261,-1.135460834635126,-1.0556795358178979,-2.270921669270252,-0.04541843338540504,23
B,25,50,2.0,8962,0.22327605445213122,0.3333333333333333,0.3466666666666667,0.5186342334300379,0.0003347467083240348,0.2577549654095068,-0.6904987725954028,-1.6904987725954028,-1.6653927694711002,-3.3809975451908056,-0.06761995090381612,27
B,25,60,2.4,8962,0.1865654987725954,0.29411764705882354,0.3058823529411765,0.538942200401696,0.0001115822361080116,0.27438071858960056,-0.6101316670386074,-1.6101316670386074,-1.6006471769694266,-3.220263334077215,-0.0644052666815443,30
B,25,75,3.0,8962,0.1461727293014952,0.25,0.26,0.557464851595626,0.0,0.2963624191028788,-0.43327382280740906,-1.4332738228074091,-1.4332738228074091,-2.8665476456148182,-0.05733095291229637,33
B,25,100,4.0,8962,0.09540281187234992,0.2,0.208,0.576210667261772,0.0,0.32838652086587816,-0.7091330060254407,-1.7091330060254406,-1.7091330060254406,-3.418266012050881,-0.06836532024101763,35
B,30,10,0.3333333333333333,8962,0.6459495648292792,0.75,0.775,0.21278732425797814,0.0015621513055121626,0.13970095960723053,-0.36532024101763,-1.36532024101763,-1.3028341887971435,-2.73064048203526,-0.045510674700587665,7
B,30,15,0.5,8962,0.5546752956929257,0.6666666666666666,0.6888888888888889,0.2777281856728409,0.0018968980138361973,0.16569962062039723,-0.43140482035259986,-1.4314048203525997,-1.3460444097299709,-2.8628096407051995,-0.04771349401175332,11
B,30,20,0.6666666666666666,8962,0.4838205757643383,0.6,0.62,0.32727069850479806,0.0021200624860522204,0.18678866324481141,-0.5008647623298371,-1.500864762329837,-1.394861638027226,-3.001729524659674,-0.050028825410994564,15
B,30,30,1.0,8962,0.3829502343226958,0.5,0.5166666666666667,0.39477795135014504,0.002008480249944209,0.2202633340772149,-0.4143327382280741,-1.4143327382280741,-1.2938239232314215,-2.8286654764561483,-0.04714442460760247,22
B,30,40,1.3333333333333333,8962,0.30952912296362417,0.42857142857142855,0.44285714285714284,0.4386297701405936,0.0012274045971881276,0.2506137022985941,-0.3291397009596072,-1.3291397009596073,-1.2432213791564384,-2.6582794019192146,-0.04430465669865358,27
B,30,50,1.6666666666666667,8962,0.24503459049319348,0.375,0.3875,0.47522874358402145,0.0004463289444320464,0.27929033697835304,-0.9500390537826378,-1.9500390537826378,-1.9143327382280741,-3.9000781075652755,-0.0650013017927546,31
B,30,60,2.0,8962,0.20531131443874134,0.3333333333333333,0.34444444444444444,0.49587145726400356,0.0001115822361080116,0.2987056460611471,-0.8798817228297255,-1.8798817228297255,-1.8698393215800044,-3.759763445659451,-0.06266272409432419,35
B,30,75,2.5,8962,0.16179424235661682,0.2857142857142857,0.29523809523809524,0.5151751841106896,0.0,0.3230305735326936,-0.7102488283865208,-1.7102488283865207,-1.7102488283865207,-3.4204976567730414,-0.05700829427955069,39
B,30,100,3.3333333333333335,8962,0.1067841999553671,0.23076923076923078,0.23846153846153847,0.5334746708324035,0.0,0.3597411292122294,-0.8803838428922116,-1.8803838428922117,-1.8803838428922117,-3.7607676857844234,-0.06267946142974039,42
B,40,10,0.25,8962,0.6855612586476233,0.8,0.82,0.16212898906494086,0.0011158223610801161,0.15119392992635572,-0.2960834635126088,-1.2960834635126088,-1.240292345458603,-2.5921669270252177,-0.032402086587815224,8
B,40,15,0.375,8962,0.5999776835527784,0.7272727272727273,0.7454545454545455,0.21546529792457042,0.001450569069404151,0.18310644945324706,-0.37759428698951125,-1.3775942869895113,-1.297812988172283,-2.7551885739790225,-0.034439857174737784,13
B,40,20,0.5,8962,0.5319125195268913,0.6666666666666666,0.6833333333333333,0.2575318009372908,0.0012274045971881276,0.20932827493862977,-0.4123242579781299,-1.4123242579781299,-1.3386799821468423,-2.8246485159562598,-0.035308106449453244,18
B,40,30,0.75,8962,0.4338317339879491,0.5714285714285714,0.5857142857142857,0.3139924124079447,0.0007810756527560813,0.2513947779513501,-0.09679758982370007,-1.0967975898237001,-1.0421222941307744,-2.1935951796474003,-0.027419939745592502,27
B,40,40,1.0,8962,0.35259986610131666,0.5,0.5125,0.355501004240125,0.0002231644722160232,0.2916759651863423,-0.12031354608346351,-1.1203135460834635,-1.1024603883061816,-2.240627092166927,-0.028007838652086586,34
B,40,50,1.25,8962,0.28241463958937735,0.4444444444444444,0.45555555555555555,0.38986833296139256,0.0002231644722160232,0.32749386297701405,-0.8314271367998215,-1.8314271367998214,-1.8113423343003794,-3.6628542735996428,-0.045785678419995535,40
B,40,60,1.5,8962,0.23934389645168488,0.4,0.41,0.40906047757197056,0.0001115822361080116,0.35148404374023656,-0.6800100424012497,-1.6800100424012498,-1.6688518187904484,-3.3600200848024997,-0.042000251060031246,45
B,40,75,1.875,8962,0.1902477125641598,0.34782608695652173,0.3565217391304348,0.4286989511269806,0.0,0.3810533363088596,-0.509763445659451,-1.509763445659451,-1.509763445659451,-3.019526891318902,-0.03774408614148628,50
B,40,100,2.5,8962,0.12765007810756526,0.2857142857142857,0.29285714285714287,0.4467752733764785,0.0001115822361080116,0.42546306627984826,-0.5733653202410176,-1.5733653202410176,-1.557743807185896,-3.146730640482035,-0.03933413300602544,57
B,50,10,0.2,8962,0.7081008703414416,0.8333333333333334,0.85,0.12865431823253737,0.0002231644722160232,0.16302164695380494,-0.3430037937960277,-1.3430037937960277,-1.3296139254630663,-2.6860075875920555,-0.026860075875920555,9
B,50,15,0.3,8962,0.6286543182325374,0.7692307692307693,0.7846153846153846,0.17150189689801384,0.0004463289444320464,0.19939745592501673,-0.33103659897344345,-1.3310365989734434,-1.3020252175853604,-2.662073197946887,-0.02662073197946887,15
B,50,20,0.4,8962,0.5627092166927026,0.7142857142857143,0.7285714285714285,0.20698504798036152,0.0002231644722160232,0.23008257085471992,-0.34464963177862085,-1.344649631778621,-1.3290281187234991,-2.689299263557242,-0.02689299263557242,21
B,50,30,0.6,8962,0.4655210890426244,0.625,0.6375,0.25273376478464626,0.0001115822361080116,0.2816335639366213,0.1173008257085472,-0.8826991742914528,-0.8737725954028119,-1.7653983485829057,-0.017653983485829056,31
B,50,40,0.8,8962,0.3832849810310199,0.5555555555555556,0.5666666666666667,0.2876590046864539,0.0,0.32905601428252623,0.23772595402811872,-0.7622740459718813,-0.7622740459718813,-1.5245480919437626,-0.015245480919437625,39
B,50,50,1.0,8962,0.30908279401919214,0.5,0.51,0.32079892881053335,0.0,0.3701182771702745,-0.6385293461280964,-1.6385293461280965,-1.6385293461280965,-3.277058692256193,-0.032770586922561934,47
B,50,60,1.2,8962,0.26221825485382727,0.45454545454545453,0.4636363636363636,0.3395447444766793,0.0,0.3982370006694934,-0.606058915420665,-1.606058915420665,-1.606058915420665,-3.21211783084133,-0.0321211783084133,53
B,50,75,1.5,8962,0.20977460388306182,0.4,0.408,0.3575094844900692,0.0,0.432715911626869,-0.394331622405713,-1.394331622405713,-1.394331622405713,-2.788663244811426,-0.02788663244811426,61
B,50,100,2.0,8962,0.1413746931488507,0.3333333333333333,0.34,0.3743584021423789,0.0,0.4842669047087704,-0.3993528230305735,-1.3993528230305734,-1.3993528230305734,-2.798705646061147,-0.02798705646061147,70
L,10,10,1.0,16636,0.4750540995431594,0.5,0.55,0.47685741764847317,0.031978841067564316,0.016109641740803076,-0.3378065640779033,-1.3378065640779033,-0.698229742726617,-2.6756131281558067,-0.13378065640779033,2
L,10,15,1.5,16636,0.380500120221207,0.4,0.44,0.5813296465496514,0.016951190189949505,0.021219043039192115,-0.2504207742245732,-1.2504207742245732,-0.8266410194758356,-2.5008415484491464,-0.12504207742245732,3
L,10,20,2.0,16636,0.3148593411877855,0.3333333333333333,0.36666666666666664,0.6500961769656167,0.009437364751142102,0.02560711709545564,-0.24176484731906708,-1.241764847319067,-0.958643904784804,-2.483529694638134,-0.1241764847319067,3
L,10,30,3.0,16636,0.22781918730464054,0.25,0.275,0.733770137052176,0.0034864150036066363,0.03492426063957682,-0.3519776388554941,-1.351977638855494,-1.2125210387112286,-2.703955277710988,-0.1351977638855494,4
L,10,40,4.0,16636,0.1771459485453234,0.2,0.22,0.7796946381341668,0.0021038711228660734,0.041055542197643666,-0.4217660495311373,-1.4217660495311373,-1.3165724933878336,-2.8435320990622746,-0.14217660495311374,5
L,10,50,5.0,16636,0.14522721808126954,0.16666666666666666,0.18333333333333332,0.8063837460928108,0.001262322673719644,0.047126713152200045,-0.3413080067323876,-1.3413080067323877,-1.2655686463092088,-2.6826160134647754,-0.13413080067323876,5
L,10,60,6.0,16636,0.12004087521038712,0.14285714285714285,0.15714285714285714,0.82459725895648,0.0005409954315941332,0.05482087040153883,-0.3056924741524405,-1.3056924741524405,-1.267822793940851,-2.611384948304881,-0.13056924741524406,5
L,10,75,7.5,16636,0.09467420052897331,0.11764705882352941,0.12941176470588237,0.841368117335898,0.00012022120702091849,0.06383746092810771,-0.19528432315460448,-1.1952843231546044,-1.1850655205578264,-2.390568646309209,-0.11952843231546044,5
L,10,100,10.0,16636,0.06467900937725415,0.09090909090909091,0.1,0.8575378696802116,0.00012022120702091849,0.07766289973551334,-0.2551695119018995,-1.2551695119018995,-1.2419451791295986,-2.510339023803799,-0.12551695119018996,5
L,15,10,0.6666666666666666,16636,0.5819908631882664,0.6,0.64,0.3793580187545083,0.017612406828564558,0.021038711228660734,-0.15063717239721086,-1.1506371723972109,-0.7103270016830969,-2.3012743447944217,-0.07670914482648072,3
L,15,15,1.0,16636,0.48280836739600863,0.5,0.5333333333333333,0.4789011781678288,0.009317143544121184,0.028973310892041356,-0.07734731906708343,-1.0773473190670835,-0.797833012743448,-2.154694638134167,-0.07182315460447224,4
L,15,20,1.3333333333333333,16636,0.40688867516229865,0.42857142857142855,0.45714285714285713,0.5521760038470787,0.005890839144025006,0.03504448184659774,-0.19038530896850203,-1.190385308968502,-0.9842059389276269,-2.380770617937004,-0.07935902059790013,5
L,15,30,2.0,16636,0.30433998557345515,0.3333333333333333,0.35555555555555557,0.6443856696321231,0.002464534743928829,0.048809810050492904,-0.35532880500120223,-1.3553288050012022,-1.244424741524405,-2.7106576100024045,-0.09035525366674682,7
L,15,40,2.6666666666666665,16636,0.2424861745611926,0.2727272727272727,0.2909090909090909,0.6969824477037749,0.001442654484251022,0.05908872325078144,-0.3741584515508536,-1.3741584515508536,-1.2948124549170474,-2.748316903101707,-0.09161056343672357,8
L,15,50,3.3333333333333335,16636,0.19968742486174562,0.23076923076923078,0.24615384615384617,0.7301635008415485,0.0009016590526568887,0.06924741524404905,-0.3365442414041837,-1.3365442414041837,-1.277936402981486,-2.6730884828083674,-0.08910294942694558,9
L,15,60,4.0,16636,0.1663861505169512,0.2,0.21333333333333335,0.7538470786246694,0.00024044241404183698,0.07952632844433759,-0.3394896609761962,-1.3394896609761962,-1.3214564799230584,-2.6789793219523923,-0.0892993107317464,10
L,15,75,5.0,16636,0.13110122625631163,0.16666666666666666,0.17777777777777778,0.7761481125270497,6.0110603510459244e-05,0.09269055061312816,-0.2867275787448906,-1.2867275787448906,-1.2813176244289493,-2.5734551574897813,-0.08578183858299271,11
L,15,100,6.666666666666667,16636,0.08968502043760519,0.13043478260869565,0.1391304347826087,0.7978480403943256,0.00012022120702091849,0.11234671796104832,-0.3931083193075258,-1.3931083193075258,-1.3792828805001203,-2.7862166386150515,-0.09287388795383505,11
L,20,10,0.5,16636,0.6459485453233951,0.6666666666666666,0.7,0.31960807886511183,0.010218802596778072,0.024224573214715075,-0.17992606395768213,-1.179926063957682,-0.87336198605434,-2.359852127915364,-0.058996303197884105,3
L,20,15,0.75,16636,0.5476677085837942,0.5714285714285714,0.6,0.4119379658571772,0.00631161336859822,0.034082712190430395,-0.18231546044722288,-1.1823154604472228,-0.9614089925462852,-2.3646309208944456,-0.05911577302236114,5
L,20,20,1.0,16636,0.47307044962731426,0.5,0.525,0.4803438326520798,0.0045684058667949026,0.04201731185381101,-0.2360843952873287,-1.2360843952873286,-1.0533481606155326,-2.472168790574657,-0.06180421976436643,7
L,20,30,1.5,16636,0.3647511421014667,0.4,0.42,0.5730944938687185,0.0021038711228660734,0.060050492906948784,-0.36802716999278673,-1.3680271699927866,-1.2628336138494831,-2.7360543399855732,-0.06840135849963933,9
L,20,40,2.0,16636,0.2926184178889156,0.3333333333333333,0.35,0.6323635489300312,0.0010819908631882664,0.07393604231786487,-0.5328654724693436,-1.5328654724693436,-1.4679460206780477,-3.065730944938687,-0.07664327362346718,12
L,20,50,2.5,16636,0.24230584275066122,0.2857142857142857,0.3,0.6693916806924741,0.0008415484491464295,0.0874609281077182,-0.5505379899014186,-1.5505379899014184,-1.4916295984611685,-3.101075979802837,-0.07752689949507093,14
L,20,60,3.0,16636,0.20299350805482086,0.25,0.2625,0.6955999038230344,0.00018033181053137774,0.10122625631161337,-0.5508084876172157,-1.5508084876172157,-1.5363819427747054,-3.1016169752344314,-0.07754042438086078,15
L,20,75,3.75,16636,0.16007453714835296,0.21052631578947367,0.22105263157894736,0.7215676845395528,0.00012022120702091849,0.11823755710507333,-0.5676544842510218,-1.5676544842510218,-1.5562334695840345,-3.1353089685020437,-0.07838272421255109,17
L,20,100,5.0,16636,0.11012262563116133,0.16666666666666666,0.175,0.746213031978841,0.00018033181053137774,0.14348401057946622,-0.6991314017792739,-1.6991314017792738,-1.6774915845155085,-3.3982628035585476,-0.08495657008896369,18
L,25,10,0.4,16636,0.6918129358018754,0.7142857142857143,0.7428571428571429,0.27314258235152683,0.006732387593171436,0.028312094253426304,-0.16372625631161336,-1.1637262563116133,-0.9280926905506132,-2.3274525126232266,-0.04654905025246453,4
L,25,15,0.6,16636,0.5968381822553498,0.625,0.65,0.3580187545082953,0.0045684058667949026,0.040574657369559994,-0.2075769415724934,-1.2075769415724933,-1.0248407069006973,-2.4151538831449866,-0.048303077662899735,6
L,25,20,0.8,16636,0.524344794421736,0.5555555555555556,0.5777777777777777,0.42095455638374607,0.003726857417648473,0.05097379177686944,-0.20798268814618898,-1.207982688146189,-1.0402741043520076,-2.415965376292378,-0.04831930752584756,8
L,25,30,1.2,16636,0.4139817263765328,0.45454545454545453,0.4727272727272727,0.5113007934599664,0.0018634287088242366,0.0728540514546766,-0.30223611445058907,-1.3022361144505892,-1.199747535465256,-2.6044722289011784,-0.052089444578023565,12
L,25,40,1.6,16636,0.33740081750420775,0.38461538461538464,0.4,0.5712310651598942,0.001262322673719644,0.09010579466217841,-0.43467480163500843,-1.4346748016350084,-1.3526238278432317,-2.8693496032700168,-0.057386992065400336,15
L,25,50,2.0,16636,0.2818586198605434,0.3333333333333333,0.3466666666666667,0.6098821832171195,0.0008415484491464295,0.10741764847319067,-0.4189258235152681,-1.4189258235152682,-1.355809689829286,-2.8378516470305364,-0.05675703294061073,18
L,25,60,2.4,16636,0.2367155566241885,0.29411764705882354,0.3058823529411765,0.638615051695119,0.00018033181053137774,0.1244890598701611,-0.4898262803558548,-1.4898262803558548,-1.4744980764606876,-2.9796525607117097,-0.059593051214234194,20
L,25,75,3.0,16636,0.18886751622986295,0.25,0.26,0.665965376292378,0.00012022120702091849,0.14504688627073817,-0.4140268093291657,-1.4140268093291657,-1.4020046886270738,-2.8280536186583314,-0.056561072373166627,23
L,25,100,4.0,16636,0.12995912478961288,0.2,0.208,0.693976917528252,0.00024044241404183698,0.17582351526809328,-0.6528312094253427,-1.6528312094253428,-1.6227759076701131,-3.3056624188506856,-0.06611324837701371,26
L,30,10,0.3333333333333333,16636,0.7262563116133686,0.75,0.775,0.23749699446982447,0.0045082952632844436,0.03173839865352248,-0.13866013464775187,-1.1386601346477518,-0.9583283241163741,-2.2773202692955037,-0.03795533782159173,4
L,30,15,0.5,16636,0.6353089685020438,0.6666666666666666,0.6888888888888889,0.31546044722289013,0.0030656407790334217,0.0461649434960327,-0.2002735032459726,-1.2002735032459726,-1.0623196681894687,-2.400547006491945,-0.04000911677486575,7
L,30,20,0.6666666666666666,16636,0.5639576821351286,0.6,0.62,0.3758114931473912,0.0024044241404183697,0.057826400577061794,-0.23235753786968022,-1.2323575378696803,-1.1121363308487617,-2.4647150757393606,-0.04107858459565601,10
L,30,30,1.0,16636,0.4516710747775908,0.5,0.5166666666666667,0.4644145227218081,0.001442654484251022,0.08247174801635009,-0.4078805001202212,-1.4078805001202213,-1.3213212310651599,-2.8157610002404425,-0.04692935000400737,14
L,30,40,1.3333333333333333,16636,0.37220485693676364,0.42857142857142855,0.44285714285714284,0.5241644626112046,0.0009617696561673479,0.10266891079586439,-0.5487647270978601,-1.54876472709786,-1.4814408511661457,-3.09752945419572,-0.051625490903261996,19
L,30,50,1.6666666666666667,16636,0.31395768213512865,0.375,0.3875,0.5629959124789613,0.00042077422457321474,0.12262563116133686,-0.47702272180812694,-1.4770227218081269,-1.4433607838422697,-2.9540454436162538,-0.04923409072693756,22
L,30,60,2.0,16636,0.2652680932916566,0.3333333333333333,0.34444444444444444,0.5910074537148353,0.00018033181053137774,0.14354412118297669,-0.5250510940129839,-1.525051094012984,-1.5088212310651599,-3.050102188025968,-0.05083503646709946,25
L,30,75,2.5,16636,0.21273142582351526,0.2857142857142857,0.29523809523809524,0.6198605433998557,0.00012022120702091849,0.1672878095696081,-0.46970425583072856,-1.4697042558307285,-1.457081029093532,-2.939408511661457,-0.04899014186102428,29
L,30,100,3.3333333333333335,16636,0.14799230584275067,0.23076923076923078,0.23846153846153847,0.6484130800673239,0.0003005530175522962,0.20329406107237316,-0.607327482567925,-1.607327482567925,-1.5682555902861264,-3.21465496513585,-0.053577582752264166,34
L,40,10,0.25,16636,0.7704376051935562,0.8,0.82,0.1882062995912479,0.0025847559509497475,0.03877133926424621,-0.20204676604953115,-1.202046766049531,-1.0728089685020437,-2.404093532099062,-0.030051169151238278,4
L,40,15,0.375,16636,0.6876051935561434,0.7272727272727273,0.7454545454545455,0.2541476316422217,0.0016229862947823995,0.05662418850685261,-0.2656588122144746,-1.2656588122144745,-1.1763945660014428,-2.531317624428949,-0.031641470305361866,8
L,40,20,0.5,16636,0.620942534263044,0.6666666666666666,0.6833333333333333,0.30644385669632124,0.0010218802596778072,0.07159172878095696,-0.25763404664582834,-1.2576340466458285,-1.1963212310651599,-2.515268093291657,-0.031440851166145714,12
L,40,30,0.75,16636,0.509677807165184,0.5714285714285714,0.5857142857142857,0.3865111805722529,0.00048088482808367395,0.10333012743447945,-0.4373647511421015,-1.4373647511421015,-1.4037028131762443,-2.874729502284203,-0.035934118778552536,19
L,40,40,1.0,16636,0.4261240682856456,0.5,0.5125,0.4422337100264487,0.00042077422457321474,0.13122144746333253,-0.5922848040394325,-1.5922848040394326,-1.5586228660735753,-3.1845696080788652,-0.03980712010098582,25
L,40,50,1.25,16636,0.3628877133926425,0.4444444444444444,0.45555555555555555,0.47956239480644386,0.00048088482808367395,0.15706900697283,-0.5053197884106756,-1.5053197884106755,-1.462040153883145,-3.010639576821351,-0.03763299471026689,30
L,40,60,1.5,16636,0.3100504929069488,0.4,0.41,0.5067323875931714,0.00018033181053137774,0.1830367876893484,-0.48612947823996155,-1.4861294782399614,-1.4680962971868237,-2.972258956479923,-0.037153236955999036,35
L,40,75,1.875,16636,0.24855734551574898,0.34782608695652173,0.3565217391304348,0.5364871363308488,6.0110603510459244e-05,0.2148954075498918,-0.5644385669632123,-1.5644385669632124,-1.5575258475595095,-3.1288771339264247,-0.03911096417408031,41
L,40,100,2.5,16636,0.17510218802596778,0.2857142857142857,0.29285714285714287,0.5660615532579947,0.00012022120702091849,0.2587160375090166,-0.6720215195960567,-1.6720215195960568,-1.6551905506131281,-3.3440430391921137,-0.04180053798990142,50
L,50,10,0.2,16636,0.8006131281558067,0.8333333333333334,0.85,0.15201971627795144,0.0015027650877614811,0.045864390478480406,-0.13884046645828324,-1.1388404664582832,-1.0486745611925943,-2.2776809329165664,-0.022776809329165662,5
L,50,15,0.3,16636,0.7236715556624188,0.7692307692307693,0.7846153846153846,0.20720125030055303,0.0010819908631882664,0.06804520317383987,-0.1802867275787449,-1.180286727578745,-1.1099573214715075,-2.36057345515749,-0.0236057345515749,9
L,50,20,0.4,16636,0.659293099302717,0.7142857142857143,0.7285714285714285,0.25348641500360664,0.0006011060351045924,0.08661937965857178,-0.22213873527290215,-1.222138735272902,-1.1800613128155806,-2.444277470545804,-0.02444277470545804,14
L,50,30,0.6,16636,0.5494109160855974,0.625,0.6375,0.3253786968021159,0.00024044241404183698,0.12496994469824477,-0.4496874248617456,-1.4496874248617457,-1.4304520317383986,-2.8993748497234915,-0.028993748497234916,22
L,50,40,0.8,16636,0.4662178408271219,0.5555555555555556,0.5666666666666667,0.37557105073334934,0.0003005530175522962,0.15791055542197643,-0.5100534984371243,-1.5100534984371243,-1.4830037268574177,-3.0201069968742487,-0.030201069968742486,31
L,50,50,1.0,16636,0.3992546285164703,0.5,0.51,0.4113969704255831,0.00048088482808367395,0.18886751622986295,-0.48755710507333494,-1.487557105073335,-1.4394686222649675,-2.97511421014667,-0.029751142101466697,38
L,50,60,1.2,16636,0.3432315460447223,0.45454545454545453,0.4636363636363636,0.437304640538591,0.00018033181053137774,0.21928348160615532,-0.4862046164943496,-1.4862046164943497,-1.466368117335898,-2.9724092329886993,-0.029724092329886993,45
L,50,75,1.5,16636,0.27650877614811253,0.4,0.408,0.4656167347920173,6.0110603510459244e-05,0.2578143784563597,-0.6216037509016591,-1.621603750901659,-1.6140899254628516,-3.243207501803318,-0.03243207501803318,54
L,50,100,2.0,16636,0.1943976917528252,0.3333333333333333,0.34,0.4936883866314018,6.0110603510459244e-05,0.31185381101226256,-0.7270527771098821,-1.7270527771098823,-1.7180361865833134,-3.4541055542197645,-0.03454105554219764,65
M,10,10,1.0,2532,0.46445497630331756,0.5,0.55,0.4806477093206951,0.025671406003159557,0.029225908372827805,-0.40086887835703,-1.40086887835703,-0.8874407582938388,-2.80173775671406,-0.140086887835703,2
M,10,15,1.5,2532,0.3684834123222749,0.4,0.44,0.580568720379147,0.012243285939968405,0.038704581358609796,-0.3318522906793049,-1.3318522906793049,-1.0257701421800949,-2.6637045813586098,-0.13318522906793048,3
M,10,20,2.0,2532,0.30055292259083727,0.3333333333333333,0.36666666666666664,0.6484992101105845,0.0071090047393364926,0.04383886255924171,-0.4392772511848341,-1.4392772511848342,-1.2260071090047393,-2.8785545023696684,-0.14392772511848342,3
M,10,30,3.0,2532,0.2282780410742496,0.25,0.275,0.7148499210110585,0.002764612954186414,0.05410742496050553,-0.09755134281200632,-1.0975513428120063,-0.9869668246445498,-2.1951026856240126,-0.10975513428120062,4
M,10,40,4.0,2532,0.17654028436018956,0.2,0.22,0.7567140600315956,0.001579778830963665,0.06516587677725119,-0.07266982622432859,-1.0726698262243286,-0.9936808846761453,-2.145339652448657,-0.10726698262243287,5
M,10,50,5.0,2532,0.1457345971563981,0.16666666666666666,0.18333333333333332,0.7796208530805687,0.001184834123222749,0.07345971563981042,0.17209715639810427,-0.8279028436018957,-0.7568127962085308,-1.6558056872037914,-0.08279028436018956,5
M,10,60,6.0,2532,0.1240126382306477,0.14285714285714285,0.15714285714285714,0.7981832543443917,0.0,0.07780410742496051,0.30697077409162715,-0.6930292259083728,-0.6930292259083728,-1.3860584518167456,-0.06930292259083728,5
M,10,75,7.5,2532,0.0947867298578199,0.11764705882352941,0.12941176470588237,0.8167456556082149,0.0,0.08846761453396525,0.2545418641390205,-0.7454581358609795,-0.7454581358609795,-1.490916271721959,-0.07454581358609795,5
M,10,100,10.0,2532,0.06279620853080568,0.09090909090909091,0.1,0.8333333333333334,0.0,0.10387045813586097,0.2112954186413902,-0.7887045813586098,-0.7887045813586098,-1.5774091627172195,-0.07887045813586098,5
M,15,10,0.6666666666666666,2532,0.5552922590837283,0.6,0.64,0.38981042654028436,0.01579778830963665,0.03909952606635071,-0.5700039494470774,-1.5700039494470774,-1.1750592417061612,-3.140007898894155,-0.10466692996313849,3
M,15,15,1.0,2532,0.45734597156398105,0.5,0.5333333333333333,0.48104265402843605,0.009083728278041074,0.05252764612954187,-0.49743285939968407,-1.4974328593996842,-1.2249210110584519,-2.9948657187993684,-0.09982885729331228,4
M,15,20,1.3333333333333333,2532,0.38191153238546605,0.42857142857142855,0.45714285714285713,0.5529225908372828,0.005924170616113744,0.05924170616113744,-0.7041864139020537,-1.7041864139020537,-1.4968404423380726,-3.4083728278041074,-0.11361242759347025,5
M,15,30,2.0,2532,0.2958135860979463,0.3333333333333333,0.35555555555555557,0.6263823064770933,0.002764612954186414,0.0750394944707741,-0.36226303317535546,-1.3622630331753554,-1.2378554502369667,-2.7245260663507107,-0.09081753554502368,7
M,15,40,2.6666666666666665,2532,0.23104265402843602,0.2727272727272727,0.2909090909090909,0.6765402843601895,0.002369668246445498,0.09004739336492891,-0.4381911532385466,-1.4381911532385465,-1.3078593996840442,-2.876382306477093,-0.0958794102159031,8
M,15,50,3.3333333333333335,2532,0.19036334913112166,0.23076923076923078,0.24615384615384617,0.7041864139020537,0.002369668246445498,0.10308056872037914,-0.1976698262243286,-1.1976698262243286,-1.0436413902053712,-2.395339652448657,-0.0798446550816219,9
M,15,60,4.0,2532,0.16429699842022116,0.2,0.21333333333333335,0.726303317535545,0.00039494470774091627,0.10900473933649289,0.031101895734597155,-0.9688981042654028,-0.9392772511848341,-1.9377962085308056,-0.06459320695102685,10
M,15,75,5.0,2532,0.12440758293838862,0.16666666666666666,0.17777777777777778,0.7531595576619273,0.0,0.12243285939968404,-0.3205963665086888,-1.3205963665086888,-1.3205963665086888,-2.6411927330173777,-0.08803975776724592,10
M,15,100,6.666666666666667,2532,0.08412322274881516,0.13043478260869565,0.1391304347826087,0.7721169036334913,0.0,0.14375987361769352,-0.2295616113744076,-1.2295616113744077,-1.2295616113744077,-2.4591232227488153,-0.08197077409162717,11
M,20,10,0.5,2532,0.6161137440758294,0.6666666666666666,0.7,0.32306477093206953,0.011058451816745656,0.04976303317535545,-0.669826224328594,-1.669826224328594,-1.3380726698262242,-3.339652448657188,-0.08349131121642969,3
M,20,15,0.75,2532,0.5205371248025277,0.5714285714285714,0.6,0.40718799368088465,0.007503949447077409,0.06477093206951026,-0.61423775671406,-1.61423775671406,-1.3515995260663507,-3.22847551342812,-0.080711887835703,5
M,20,20,1.0,2532,0.4510268562401264,0.5,0.525,0.47235387045813587,0.004344391785150079,0.07227488151658767,-0.6008096366508688,-1.6008096366508688,-1.4270339652448656,-3.2016192733017377,-0.08004048183254345,7
M,20,30,1.5,2532,0.35347551342812006,0.4,0.42,0.5493680884676145,0.0035545023696682463,0.09360189573459715,-0.3161532385466035,-1.3161532385466035,-1.1384281200631912,-2.632306477093207,-0.06580766192733017,9
M,20,40,2.0,2532,0.28080568720379145,0.3333333333333333,0.35,0.6046603475513428,0.002369668246445498,0.11216429699842022,-0.42752764612954186,-1.4275276461295419,-1.285347551342812,-2.8550552922590837,-0.0713763823064771,11
M,20,50,2.5,2532,0.23499210110584517,0.2857142857142857,0.3,0.6370458135860979,0.001579778830963665,0.1263823064770932,-0.15629936808846762,-1.1562993680884677,-1.0457148499210112,-2.3125987361769353,-0.057814968404423385,13
M,20,60,3.0,2532,0.2014218009478673,0.25,0.2625,0.6619273301737757,0.0,0.13665086887835703,0.03672985781990521,-0.9632701421800948,-0.9632701421800948,-1.9265402843601895,-0.04816350710900474,14
M,20,75,3.75,2532,0.1552132701421801,0.21052631578947367,0.22105263157894736,0.6899684044233807,0.0,0.15481832543443919,-0.2327211690363349,-1.2327211690363349,-1.2327211690363349,-2.4654423380726698,-0.061636058451816744,16
M,20,100,5.0,2532,0.10624012638230648,0.16666666666666666,0.175,0.7116903633491312,0.0,0.1820695102685624,-0.0856042654028436,-1.0856042654028437,-1.0856042654028437,-2.1712085308056874,-0.05428021327014219,18
M,25,10,0.4,2532,0.6635071090047393,0.7142857142857143,0.7428571428571429,0.2740916271721959,0.006714060031595577,0.05568720379146919,-0.6161137440758294,-1.6161137440758293,-1.3811216429699842,-3.2322274881516586,-0.06464454976303317,4
M,25,15,0.6,2532,0.5742496050552922,0.625,0.65,0.3499210110584518,0.0035545023696682463,0.07227488151658767,-0.44855845181674564,-1.4485584518167456,-1.3063783570300158,-2.897116903633491,-0.057942338072669825,6
M,25,20,0.8,2532,0.5043443917851501,0.5555555555555556,0.5777777777777777,0.41113744075829384,0.002764612954186414,0.08175355450236967,-0.4467812006319115,-1.4467812006319116,-1.3223736176935228,-2.8935624012638232,-0.05787124802527646,8
M,25,30,1.2,2532,0.4048183254344392,0.45454545454545453,0.4727272727272727,0.4873617693522907,0.002764612954186414,0.10505529225908374,-0.03771721958925751,-1.0377172195892574,-0.8856635071090048,-2.075434439178515,-0.0415086887835703,11
M,25,40,1.6,2532,0.32503949447077407,0.38461538461538464,0.4,0.5458135860979463,0.002369668246445498,0.12677725118483413,-0.22985781990521326,-1.2298578199052133,-1.0758293838862558,-2.4597156398104265,-0.049194312796208534,14
M,25,50,2.0,2532,0.273696682464455,0.3333333333333333,0.3466666666666667,0.580173775671406,0.001579778830963665,0.14454976303317535,0.043740126382306475,-0.9562598736176935,-0.8377764612954186,-1.912519747235387,-0.03825039494470774,17
M,25,60,2.4,2532,0.23262243285939968,0.29411764705882354,0.3058823529411765,0.608214849921011,0.00039494470774091627,0.15876777251184834,0.07839652448657188,-0.9216034755134281,-0.8880331753554502,-1.8432069510268563,-0.036864139020537125,20
M,25,75,3.0,2532,0.18167456556082148,0.25,0.26,0.6382306477093207,0.00039494470774091627,0.1796998420221169,-0.26510663507109006,-1.26510663507109,-1.2256121642969984,-2.53021327014218,-0.0506042654028436,23
M,25,100,4.0,2532,0.12480252764612954,0.2,0.208,0.6619273301737757,0.0,0.2132701421800948,-0.12381516587677725,-1.1238151658767772,-1.1238151658767772,-2.2476303317535544,-0.044952606635071085,25
M,30,10,0.3333333333333333,2532,0.7010268562401264,0.75,0.775,0.2353870458135861,0.0039494470774091624,0.05963665086887836,-0.44687993680884674,-1.4468799368088467,-1.2889020537124802,-2.8937598736176935,-0.04822933122696156,4
M,30,15,0.5,2532,0.6161137440758294,0.6666666666666666,0.6888888888888889,0.3041074249605055,0.002764612954186414,0.07701421800947868,-0.2564178515007899,-1.2564178515007898,-1.1320102685624012,-2.5128357030015795,-0.04188059505002632,7
M,30,20,0.6666666666666666,2532,0.5469984202211691,0.6,0.62,0.3613744075829384,0.002369668246445498,0.08925750394944708,-0.2520734597156398,-1.2520734597156398,-1.1335900473933649,-2.5041469194312795,-0.041735781990521324,9
M,30,30,1.0,2532,0.44352290679304895,0.5,0.5166666666666667,0.4399684044233807,0.002369668246445498,0.1141390205371248,0.01569905213270142,-0.9843009478672986,-0.8421208530805687,-1.9686018957345972,-0.03281003159557662,13
M,30,40,1.3333333333333333,2532,0.35742496050552924,0.42857142857142855,0.44285714285714284,0.49921011058451814,0.001579778830963665,0.14178515007898895,-0.26708135860979465,-1.2670813586097947,-1.1564968404423381,-2.5341627172195893,-0.04223604528699316,18
M,30,50,1.6666666666666667,2532,0.3009478672985782,0.375,0.3875,0.5347551342812006,0.001184834123222749,0.16311216429699843,-0.11848341232227488,-1.1184834123222749,-1.0236966824644549,-2.2369668246445498,-0.0372827804107425,21
M,30,60,2.0,2532,0.2571090047393365,0.3333333333333333,0.34444444444444444,0.5624012638230648,0.00039494470774091627,0.18009478672985782,-0.04768957345971564,-1.0476895734597156,-1.0121445497630333,-2.095379146919431,-0.03492298578199052,24
M,30,75,2.5,2532,0.20497630331753555,0.2857142857142857,0.29523809523809524,0.5912322274881516,0.00039494470774091627,0.2033965244865719,-0.1541271721958926,-1.1541271721958926,-1.1126579778830963,-2.308254344391785,-0.03847090573986309,28
M,30,100,3.3333333333333335,2532,0.13941548183254343,0.23076923076923078,0.23846153846153847,0.6153238546603476,0.0,0.245260663507109,-0.11196682464454977,-1.1119668246445498,-1.1119668246445498,-2.2239336492890995,-0.037065560821484995,33
M,40,10,0.25,2532,0.7424960505529226,0.8,0.82,0.18325434439178515,0.002369668246445498,0.07187993680884676,-0.531003159557662,-1.5310031595576619,-1.412519747235387,-3.0620063191153237,-0.038275078988941544,5
M,40,15,0.375,2532,0.6646919431279621,0.7272727272727273,0.7454545454545455,0.23973143759873616,0.001579778830963665,0.09399684044233807,-0.31941153238546605,-1.319411532385466,-1.2325236966824644,-2.638823064770932,-0.03298528830963665,8
M,40,20,0.5,2532,0.59913112164297,0.6666666666666666,0.6833333333333333,0.28988941548183256,0.001184834123222749,0.10979462875197472,-0.3558451816745656,-1.3558451816745656,-1.2847551342812007,-2.711690363349131,-0.03389612954186414,11
M,40,30,0.75,2532,0.4960505529225908,0.5714285714285714,0.5857142857142857,0.36058451816745657,0.0019747235387045812,0.14139020537124802,-0.030410742496050552,-1.0304107424960505,-0.8921800947867299,-2.060821484992101,-0.02576026856240126,18
M,40,40,1.0,2532,0.4067930489731438,0.5,0.5125,0.415086887835703,0.001579778830963665,0.17654028436018956,-0.34587282780410744,-1.3458728278041074,-1.2194905213270142,-2.691745655608215,-0.033646820695102685,24
M,40,50,1.25,2532,0.3439968404423381,0.4444444444444444,0.45555555555555555,0.4537914691943128,0.001184834123222749,0.2010268562401264,-0.4830173775671406,-1.4830173775671405,-1.3763823064770933,-2.966034755134281,-0.03707543443917851,29
M,40,60,1.5,2532,0.30055292259083727,0.4,0.41,0.47788309636650866,0.00039494470774091627,0.2211690363349131,-0.03653238546603475,-1.0365323854660347,-0.9970379146919431,-2.0730647709320693,-0.025913309636650866,34
M,40,75,1.875,2532,0.24289099526066352,0.34782608695652173,0.3565217391304348,0.504739336492891,0.00039494470774091627,0.2519747235387046,0.08659162717219589,-0.9134083728278041,-0.8679897314375987,-1.8268167456556081,-0.0228352093206951,39
M,40,100,2.5,2532,0.16350710900473933,0.2857142857142857,0.29285714285714287,0.533175355450237,0.0,0.3033175355450237,-0.3946484992101106,-1.3946484992101107,-1.3946484992101107,-2.7892969984202214,-0.03486621248025277,46
M,50,10,0.2,2532,0.7808056872037915,0.8333333333333334,0.85,0.1386255924170616,0.0007898894154818325,0.07977883096366509,0.08234597156398105,-0.917654028436019,-0.8702606635071091,-1.835308056872038,-0.01835308056872038,5
M,50,15,0.3,2532,0.7089257503949447,0.7692307692307693,0.7846153846153846,0.18522906793048974,0.00039494470774091627,0.10545023696682465,0.4011650868878357,-0.5988349131121643,-0.5731635071090048,-1.1976698262243286,-0.011976698262243285,9
M,50,20,0.4,2532,0.6453396524486572,0.7142857142857143,0.7285714285714285,0.23025276461295419,0.0,0.12440758293838862,0.32760663507109006,-0.67239336492891,-0.67239336492891,-1.34478672985782,-0.013447867298578199,13
M,50,30,0.6,2532,0.5450236966824644,0.625,0.6375,0.2914691943127962,0.0,0.16350710900473933,0.7966034755134281,-0.20339652448657186,-0.20339652448657186,-0.4067930489731437,-0.004067930489731437,21
M,50,40,0.8,2532,0.4518167456556082,0.5555555555555556,0.5666666666666667,0.3420221169036335,0.00039494470774091627,0.20576619273301738,0.4195300157977883,-0.5804699842022116,-0.5449249605055293,-1.1609399684044233,-0.011609399684044232,29
M,50,50,1.0,2532,0.38744075829383884,0.5,0.51,0.3767772511848341,0.00039494470774091627,0.2353870458135861,0.45932069510268564,-0.5406793048973144,-0.5011848341232228,-1.0813586097946288,-0.010813586097946288,35
M,50,60,1.2,2532,0.34162717219589256,0.45454545454545453,0.4636363636363636,0.39849921011058453,0.00039494470774091627,0.259478672985782,1.0657582938388626,0.06575829383886256,0.10920221169036326,0.13151658767772512,0.0013151658767772511,41
M,50,75,1.5,2532,0.2717219589257504,0.4,0.408,0.4277251184834123,0.0007898894154818325,0.29976303317535546,0.6188783570300158,-0.3811216429699842,-0.2823854660347551,-0.7622432859399684,-0.0076224328593996835,50
M,50,100,2.0,2532,0.18088467614533965,0.3333333333333333,0.34,0.4565560821484992,0.00039494470774091627,0.36216429699842023,-0.08451816745655608,-1.084518167456556,-1.0252764612954186,-2.169036334913112,-0.02169036334913112,59
C,10,10,1.0,388224,0.46043521266073195,0.5,0.55,0.4581221150675898,0.01805143422354105,0.06339123804813716,-0.15253886931256183,-1.1525388693125618,-0.7915101848417408,-2.3050777386251236,-0.11525388693125618,3
C,10,15,1.5,388224,0.3606654920870425,0.4,0.44,0.5514290718760303,0.009649068578964722,0.07825636745796241,-0.10945871455654467,-1.1094587145565447,-0.8682320000824266,-2.2189174291130893,-0.11094587145565446,4
C,10,20,2.0,388224,0.29423734751071545,0.3333333333333333,0.36666666666666664,0.6119456808440488,0.0057981989779096604,0.08801877266732608,-0.11238035257995384,-1.1123803525799538,-0.938434383242664,-2.2247607051599076,-0.11123803525799539,5
C,10,30,3.0,388224,0.2105253667985493,0.25,0.275,0.6849911391361688,0.0027175032970656117,0.10176599076821628,-0.19845759149357073,-1.1984575914935707,-1.0897574596109463,-2.3969151829871413,-0.11984575914935706,6
C,10,40,4.0,388224,0.16210229146060007,0.2,0.22,0.7239583333333334,0.001514589515331355,0.11242478569073525,-0.19667575935542367,-1.1966757593554236,-1.120946283588856,-2.393351518710847,-0.11966757593554236,7
C,10,50,5.0,388224,0.12991211259479063,0.16666666666666666,0.18333333333333332,0.7477461465545664,0.0008680555555555555,0.12147368529508737,-0.17107971171282557,-1.1710797117128255,-1.1189963783794923,-2.342159423425651,-0.11710797117128255,7
C,10,60,6.0,388224,0.10623248433893835,0.14285714285714285,0.15714285714285714,0.7637343389383449,0.00047137734915924826,0.12956179937355752,-0.1730830654467524,-1.1730830654467523,-1.1400866510056051,-2.3461661308935047,-0.11730830654467524,8
C,10,75,7.5,388224,0.08080901747444774,0.11764705882352941,0.12941176470588237,0.7779477827233762,0.00024470408836135837,0.1409984957138147,-0.14834927773656445,-1.1483492777365645,-1.127549430225849,-2.296698555473129,-0.11483492777365645,8
C,10,100,10.0,388224,0.05422127431585889,0.09090909090909091,0.1,0.7905719378503132,0.0001287916254533465,0.15507799620837454,-0.11138092956643587,-1.1113809295664359,-1.0972138507665679,-2.2227618591328717,-0.11113809295664359,8
C,15,10,0.6666666666666666,388224,0.553688076986482,0.6,0.64,0.35951151912298057,0.009278148697659083,0.07752225519287834,-0.07211622671447412,-1.0721162267144742,-0.8401625092729971,-2.1442324534289483,-0.07147441511429828,4
C,15,15,1.0,388224,0.44963217111770526,0.5,0.5333333333333333,0.4487022955819321,0.005538039894493901,0.09612749340586878,-0.058844893669634024,-1.058844893669634,-0.892703696834817,-2.117689787339268,-0.0705896595779756,6
C,15,20,1.3333333333333333,388224,0.3757032022749753,0.42857142857142855,0.45714285714285713,0.5114830613254204,0.0039822370590174745,0.10883149934058688,-0.10809223541048467,-1.1080922354104847,-0.9687139383448731,-2.2161844708209695,-0.07387281569403231,7
C,15,30,2.0,388224,0.2786561366633696,0.3333333333333333,0.35555555555555557,0.5910118900428618,0.0021327893175074183,0.12819918397626112,-0.1964696927546983,-1.1964696927546983,-1.1004941734668645,-2.3929393855093966,-0.07976464618364655,10
C,15,40,2.6666666666666665,388224,0.21832241180349488,0.2727272727272727,0.2909090909090909,0.6364882129904386,0.0012673095944609298,0.14392206561160567,-0.20036113171777117,-1.2003611317177711,-1.13065910402242,-2.4007222634355423,-0.08002407544785141,12
C,15,50,3.3333333333333335,388224,0.1766196834817013,0.23076923076923078,0.24615384615384617,0.6654405703923508,0.0007521430926475436,0.15718760303330037,-0.1881677845779756,-1.1881677845779757,-1.1392784835558853,-2.3763355691559513,-0.07921118563853172,13
C,15,60,4.0,388224,0.1455087784371909,0.2,0.21333333333333335,0.6852281157270029,0.0003760715463237718,0.16888703428948237,-0.1994415595120343,-1.1994415595120342,-1.1712361935377513,-2.3988831190240685,-0.07996277063413562,14
C,15,75,5.0,388224,0.11122702357401912,0.16666666666666666,0.17777777777777778,0.7031043933399275,0.00022667326079788987,0.18544190982525552,-0.1728332096933729,-1.172833209693373,-1.1524326162215628,-2.345666419386746,-0.07818888064622485,15
C,15,100,6.666666666666667,388224,0.07524264342235411,0.13043478260869565,0.1391304347826087,0.7189689457632706,0.00012106412792614573,0.20566734668644907,-0.10311250721233102,-1.1031125072123311,-1.0891901325008242,-2.2062250144246622,-0.07354083381415541,16
C,20,10,0.5,388224,0.6131151088031652,0.6666666666666666,0.7,0.29463660154962085,0.005514857401912298,0.08673343224530168,-0.03164667820639631,-1.0316466782063962,-0.8662009561490274,-2.0632933564127924,-0.051582333910319814,5
C,20,15,0.75,388224,0.5103419675239037,0.5714285714285714,0.6,0.3775887116716123,0.003881779591163864,0.10818754121332015,-0.05521103795746785,-1.055211037957468,-0.9193487522667326,-2.110422075914936,-0.052760551897873396,7
C,20,20,1.0,388224,0.4352590257171118,0.5,0.525,0.4379378915265414,0.0031373639960435213,0.12366571876030333,-0.09880313942466205,-1.098803139424662,-0.9733085795829212,-2.197606278849324,-0.0549401569712331,10
C,20,30,1.5,388224,0.33146327893175076,0.4,0.42,0.5186850890207715,0.0019859668644906033,0.14786566518298713,-0.19423387013682822,-1.1942338701368282,-1.094935526912298,-2.3884677402736565,-0.05971169350684141,13
C,20,40,2.0,388224,0.26323720326409494,0.3333333333333333,0.35,0.567463629244972,0.0011513971315529178,0.16814777035938014,-0.21926323462743158,-1.2192632346274315,-1.1501794067342566,-2.438526469254863,-0.060963161731371576,16
C,20,50,2.5,388224,0.2144277530497857,0.2857142857142857,0.3,0.5990407599736235,0.0006104723046488625,0.18592101467194197,-0.22090017618694363,-1.2209001761869436,-1.1781671148615231,-2.441800352373887,-0.06104500880934718,18
C,20,60,3.0,388224,0.17755213484998353,0.25,0.2625,0.6206751772172766,0.00033485822617870093,0.20143782970656116,-0.23165234503791626,-1.2316523450379162,-1.2048636869436202,-2.4633046900758324,-0.06158261725189581,20
C,20,75,3.75,388224,0.1368385262116716,0.21052631578947367,0.22105263157894736,0.640779549950544,0.00022409742828882295,0.22215782640949555,-0.19294466596604024,-1.1929446659660403,-1.171655410278602,-2.3858893319320806,-0.059647233298302016,22
C,20,100,5.0,388224,0.09299785690735246,0.16666666666666666,0.175,0.6588412875041213,0.00011333663039894493,0.24804751895812727,-0.11906656981536433,-1.1190665698153643,-1.105466174167491,-2.2381331396307287,-0.055953328490768214,24
C,25,10,0.4,388224,0.6540476632047477,0.7142857142857143,0.7428571428571429,0.24857556462248598,0.00354949719749423,0.093827274975272,-0.008998026912298054,-1.008998026912298,-0.884765625,-2.017996053824596,-0.04035992107649192,5
C,25,15,0.6,388224,0.5548935666007253,0.625,0.65,0.3241710970985823,0.002709775799538411,0.11822556050115397,-0.03351995239861523,-1.0335199523986152,-0.9251289204170788,-2.0670399047972303,-0.041340798095944604,9
C,25,20,0.8,388224,0.4800604805473129,0.5555555555555556,0.5777777777777777,0.3812695763270689,0.002305370095614903,0.1363645730300033,-0.08582673920211012,-1.0858267392021101,-0.9820850848994395,-2.1716534784042203,-0.043433069568084404,12
C,25,30,1.2,388224,0.37286721068249257,0.45454545454545453,0.4727272727272727,0.46027808687767885,0.0015429236729310914,0.16531177876689745,-0.18970233679525222,-1.1897023367952522,-1.1048415347840421,-2.3794046735905043,-0.04758809347181009,17
C,25,40,1.6,388224,0.29956674497197494,0.38461538461538464,0.4,0.5093476961754039,0.001030333003626772,0.1900552258489944,-0.21624435892680513,-1.216244358926805,-1.149272713691065,-2.43248871785361,-0.048649774357072205,20
C,25,50,2.0,388224,0.2459739737883284,0.3333333333333333,0.3466666666666667,0.5421174373557534,0.0005048631717771184,0.21140372568414112,-0.22263242354929114,-1.2226324235492911,-1.1847676856660072,-2.4452648470985823,-0.04890529694197165,24
C,25,60,2.4,388224,0.20460867952522255,0.29411764705882354,0.3058823529411765,0.5643932368941642,0.00031167573359709857,0.23068640784701616,-0.2296811892103528,-1.2296811892103527,-1.2031887518545994,-2.4593623784207055,-0.04918724756841411,26
C,25,75,3.0,388224,0.15887734915924828,0.25,0.26,0.5859040141773821,0.00023440075832509066,0.2549842359050445,-0.18426797415924828,-1.1842679741592483,-1.1608278983267393,-2.3685359483184967,-0.047370718966369935,29
C,25,100,4.0,388224,0.10851209610946258,0.2,0.208,0.6052382129904386,0.00012363996043521266,0.2861260509396637,-0.10448091823277283,-1.1044809182327728,-1.0890259231783712,-2.2089618364655457,-0.044179236729310914,32
C,30,10,0.3333333333333333,388224,0.6831004780745137,0.75,0.775,0.21461578882294757,0.0023877967359050446,0.0998959363666337,-0.016726168397626112,-1.016726168397626,-0.9212142989614244,-2.033452336795252,-0.03389087227992087,6
C,30,15,0.5,388224,0.5879260426969997,0.6666666666666666,0.6888888888888889,0.28299126277612924,0.0019370260468183317,0.12714566848005276,-0.0348484380151665,-1.0348484380151666,-0.9476822659083416,-2.069696876030333,-0.034494947933838886,10
C,30,20,0.6666666666666666,388224,0.5140125288493241,0.6,0.62,0.3363522090339598,0.0018571752390372568,0.14777808687767888,-0.10239771369106496,-1.102397713691065,-1.0095389517392022,-2.20479542738213,-0.036746590456368834,13
C,30,30,1.0,388224,0.40521966699637324,0.5,0.5166666666666667,0.41211774645565447,0.00133428123969667,0.18132830530827562,-0.22510908650675898,-1.2251090865067589,-1.1450522121249587,-2.4502181730135177,-0.0408369695502253,19
C,30,40,1.3333333333333333,388224,0.3289982072205737,0.42857142857142855,0.44285714285714284,0.4603682410154962,0.0008036597428288823,0.20982989202110122,-0.24061495425321464,-1.2406149542532146,-1.184358772255193,-2.481229908506429,-0.04135383180844048,24
C,30,50,1.6666666666666667,388224,0.27169108555885263,0.375,0.3875,0.49308904137817344,0.00036834404879657105,0.23485152901417738,-0.2543531569403231,-1.254353156940323,-1.2248856330365974,-2.508706313880646,-0.04181177189801077,28
C,30,60,2.0,388224,0.22706478733926805,0.3333333333333333,0.34444444444444444,0.5154034784042203,0.00019833910319815365,0.25733339515331355,-0.2552579181091329,-1.255257918109133,-1.237407398821299,-2.510515836218266,-0.041841930603637764,32
C,30,75,2.5,388224,0.1773821299043851,0.2857142857142857,0.29523809523809524,0.5376303371249588,0.0001931874381800198,0.2847943455324761,-0.20934499155126937,-1.2093449915512693,-1.1890603105423674,-2.4186899831025386,-0.040311499718375644,36
C,30,100,3.3333333333333335,388224,0.1214633819650511,0.23076923076923078,0.23846153846153847,0.5575904632377184,0.0001262157929442796,0.3208199390042862,-0.135371589597758,-1.135371589597758,-1.1189635365150017,-2.270743179195516,-0.0378457196532586,40
C,40,10,0.25,388224,0.7218564540059347,0.8,0.82,0.166640908341576,0.0013214020771513354,0.11018123557533795,-0.04328557739861523,-1.0432855773986152,-0.9772154735410484,-2.0865711547972303,-0.02608213943496538,7
C,40,15,0.375,388224,0.6329618982855258,0.7272727272727273,0.7454545454545455,0.22372135674249918,0.0011797312891526541,0.14213701368282228,-0.08899114943949885,-1.0889911494394988,-1.024105928536103,-2.1779822988789976,-0.02722477873598747,12
C,40,20,0.5,388224,0.5622192342565117,0.6666666666666666,0.6833333333333333,0.269589206231454,0.001112759643916914,0.16707879986811738,-0.15649277221397956,-1.1564927722139795,-1.0897271935789647,-2.312985544427959,-0.028912319305349488,16
C,40,30,0.75,388224,0.4534444032311243,0.5714285714285714,0.5857142857142857,0.336398574019123,0.0007882047477744807,0.20936881800197824,-0.2660397090339598,-1.2660397090339597,-1.2108653766897461,-2.5320794180679194,-0.031650992725848995,25
C,40,40,1.0,388224,0.3737069320804484,0.5,0.5125,0.38074668232772835,0.0003915265413781734,0.2451548590504451,-0.26928847778602044,-1.2692884777860205,-1.2379663544757666,-2.538576955572041,-0.031732211944650514,32
C,40,50,1.25,388224,0.31194362017804156,0.4444444444444444,0.45555555555555555,0.4110333209693373,0.0001957632706890867,0.2768272955819321,-0.24697468471810088,-1.246974684718101,-1.2293559903560831,-2.493949369436202,-0.031174367117952524,37
C,40,60,1.5,388224,0.26322174826904055,0.4,0.41,0.4327810748433894,0.000110760797889878,0.3038864160896802,-0.23132392639301022,-1.2313239263930102,-1.2202478466040225,-2.4626478527860205,-0.030783098159825256,42
C,40,75,1.875,388224,0.20717678453676228,0.34782608695652173,0.3565217391304348,0.4550285402242005,9.788163534454335e-05,0.3376967936036927,-0.20001339432904716,-1.2000133943290472,-1.1887570062644246,-2.4000267886580944,-0.03000033485822618,48
C,40,100,2.5,388224,0.14303597922848665,0.2857142857142857,0.29285714285714287,0.4748186613913617,0.00010818496538081108,0.38203717441477086,-0.07458773800692384,-1.0745877380069238,-1.0594418428536103,-2.1491754760138475,-0.026864693450173095,54
C,50,10,0.2,388224,0.74530683316848,0.8333333333333334,0.85,0.1344790636333663,0.0007650222551928783,0.11944908094296076,-0.10425553288822947,-1.1042555328882295,-1.0583541975766568,-2.208511065776459,-0.02208511065776459,7
C,50,15,0.3,388224,0.6613810583580614,0.7692307692307693,0.7846153846153846,0.18220924002637653,0.0007882047477744807,0.15562149686778767,-0.15994825152489284,-1.159948251524893,-1.1087149429195515,-2.319896503049786,-0.023198965030497856,13
C,50,20,0.4,388224,0.593595450049456,0.7142857142857143,0.7285714285714285,0.22100127761292448,0.000667140619848335,0.18473613171777117,-0.20904555102209035,-1.2090455510220903,-1.1623457076327068,-2.4180911020441807,-0.024180911020441807,19
C,50,30,0.6,388224,0.48634036020441807,0.625,0.6375,0.278632954170788,0.000481680679195516,0.2345450049455984,-0.28020807575008244,-1.2802080757500824,-1.2416736214144413,-2.560416151500165,-0.02560416151500165,29
C,50,40,0.8,388224,0.40480495796241345,0.5555555555555556,0.5666666666666667,0.3179942507418398,0.00026015908341575996,0.276940632212331,-0.2704186242993736,-1.2704186242993736,-1.2470043067919552,-2.540837248598747,-0.02540837248598747,37
C,50,50,1.0,388224,0.3403395977579954,0.5,0.51,0.34646492746455654,0.00016742911308935046,0.3130280456643587,-0.2830092936036927,-1.2830092936036928,-1.2662663822947577,-2.5660185872073855,-0.025660185872073856,45
C,50,60,1.2,388224,0.2889491633696011,0.45454545454545453,0.4636363636363636,0.36679339762611274,0.000110760797889878,0.34414667820639633,-0.26624963938344876,-1.2662496393834488,-1.2540659516155621,-2.5324992787668976,-0.025324992787668976,51
C,50,75,1.5,388224,0.22871074431256183,0.4,0.408,0.3874000576986482,0.0001184882954170788,0.3837707096933729,-0.22622442198318496,-1.226224421983185,-1.21141338505605,-2.45244884396637,-0.024524488439663702,58
C,50,100,2.0,388224,0.15868416172106825,0.3333333333333333,0.34,0.40636848829541705,6.69716452357402e-05,0.4348803783382789,-0.08344988975436861,-1.0834498897543685,-1.0734041429690075,-2.166899779508737,-0.02166899779508737,68
