feature,with_,without,diff,n,ci_lo,ci_hi
CVD divergence (CVD vs price),0.5274949083503055,0.49656203288490286,0.030932875465402687,491,-0.021157510861157337,0.07898859924313041
delta opposes approach (divergence),0.488,0.5085616438356164,-0.020561643835616428,1500,-0.05540779110385333,0.015520235852749868
"absorption (big delta, small range)",0.5681818181818182,0.49973628691983124,0.06844553126198699,44,-0.07462375679355014,0.2041806024794585
extreme BUY aggression (top 10%),0.5,0.5005963029218843,-0.0005963029218842841,482,-0.047333004934982936,0.045359289939612815
extreme SELL aggression (bottom 10%),0.48578199052132703,0.5023432923257176,-0.016561301804390582,422,-0.07408304728614519,0.04116512561349886
big |delta| (top 20% of session),0.49390243902439024,0.5014952153110048,-0.007592776286614589,492,-0.052851274502530084,0.03503091510225149
tiny |delta| (bottom 20%),0.4893854748603352,0.5039102346140768,-0.014524759753741623,895,-0.05126801307648182,0.02269694459931776
volume spike (top 10%),0.44554455445544555,0.5020080321285141,-0.05646347767306853,101,-0.1473052122057637,0.040770809772656555
high trade count (top 20%),0.46445497630331756,0.5026206896551724,-0.03816571335185481,211,-0.10271103830626475,0.03364933105304712
