feature,with_,without,diff,n,ci_lo,ci_hi,significant
CVD divergence (CVD vs price),0.49514910130718953,0.4961617292260685,-0.001012627918878961,19584,-0.016437435681002012,0.015074265971325529,False
delta opposes approach,0.4959484695976957,0.4960900032724359,-0.00014153367474023515,63186,-0.004890983792529143,0.0046800632480296445,False
"absorption (big delta, small range)",0.5,0.4959656629369974,0.004034337063002602,2462,-0.020535239596916572,0.028260933560877808,False
extreme BUY aggression (top 10%),0.5048894557823129,0.494777763574431,0.01011169220788194,18816,-0.002779990639631534,0.022391885721709456,False
extreme SELL aggression (bottom 10%),0.49366573390994656,0.49638289822171777,-0.002717164311771214,19655,-0.014348380861904202,0.01049413333409013,False
big |delta| (top 20%),0.49113274019227326,0.4966384812450947,-0.005505741052821422,16747,-0.015278415324424727,0.0048637479208916735,False
tiny |delta| (bottom 20%),0.49562009045465366,0.4961883510178059,-0.0005682605631522342,42010,-0.006820504570664595,0.0054818113400777494,False
volume spike (top 10%),0.4712889431887599,0.49657647225158386,-0.025287529062823944,3274,-0.05646281065171226,0.006234271540407362,False
high trade count (top 20%),0.4748851681730627,0.4970149459519082,-0.022129777778845505,6749,-0.046412593811226976,0.0017748173054447191,False
buy_ratio deviates from session median,0.49693509110756573,0.49522719070080023,0.0017079004067654946,71454,-0.004143687422561515,0.007573790849672771,False
