feature,mv_with,mv_without,ratio,hit_with,hit_without,n
CVD divergence (CVD vs price),84.48959609885621,81.80874255980517,1.0327697683055237,0.2821691176470588,0.2621368768955007,19584
delta opposes approach,82.55411800082297,81.86972883918799,1.0083594897813732,0.26762257462096034,0.26265247858811314,63186
"absorption (big delta, small range)",73.08570268074736,82.30409861861621,0.8879959067338141,0.20552396425670186,0.265697086572521,2462
extreme BUY aggression (top 10%),77.43809789540816,82.82190820293408,0.9349953360850578,0.22937925170068027,0.26972155591815866,18816
extreme SELL aggression (bottom 10%),79.81116764182141,82.5031365872115,0.9673713139070235,0.24390740269651487,0.2678168747635263,19655
big |delta| (top 20%),88.31916164089091,81.39019532349064,1.085132690612925,0.30429330626380846,0.25981430200358363,16747
tiny |delta| (bottom 20%),80.58112949297787,82.75663509267271,0.9737120099523299,0.2521542489883361,0.26952957784962883,42010
volume spike (top 10%),116.65439828955407,81.3941298449482,1.4332040714947742,0.5082467929138669,0.2593532663215086,3274
high trade count (top 20%),111.81067565565269,80.77478870229429,1.3842273988205045,0.4711809156912135,0.25511526582836974,6749
buy_ratio deviates from session median,77.37482156352338,86.40511630222399,0.8954888885617046,0.22923839113275674,0.2962750930293338,71454
