horizon,n,mean_signed_ret_atr,median,t_stat,win_rate,mfe_atr,mae_atr,kind
1,99,0.10782258179609638,0.1487035301468291,1.7819337722462854,0.5858585858585859,0.5415963249011566,-0.4362703057447869,bull_fade_long
3,99,0.22594610719887798,0.19243986254295534,2.137982304492065,0.5757575757575758,0.7003331113666746,-0.2833279501676255,bull_fade_long
5,99,-0.31856707722841493,0.23960880195599024,-0.5815526278773983,0.5555555555555556,0.18279212717529755,-0.9121777451926862,bull_fade_long
10,99,-0.13926325016869384,0.197979797979798,-0.22226337184119335,0.5656565656565656,0.4153835633322189,-0.6295642253689177,bull_fade_long
15,99,-0.3572411758090817,0.22982216142270862,-0.5091094012397195,0.5353535353535354,0.06135229338277493,-0.925513095582106,bull_fade_long
30,99,-0.2862430419755901,0.0,-0.43171061309817227,0.494949494949495,0.14687785781178483,-0.9227002910087613,bull_fade_long
60,99,-1.2020158633408768,-0.134029590948651,-1.2016668217572866,0.494949494949495,-0.5027761763500075,-1.708697705733633,bull_fade_long
1,99,-0.10782258179609638,-0.1487035301468291,-1.7819337722462854,0.40404040404040403,0.4362703057447869,-0.5415963249011566,bull_cont_short
3,99,-0.22594610719887798,-0.19243986254295534,-2.137982304492065,0.41414141414141414,0.2833279501676255,-0.7003331113666746,bull_cont_short
5,99,0.31856707722841493,-0.23960880195599024,0.5815526278773983,0.43434343434343436,0.9121777451926862,-0.18279212717529755,bull_cont_short
10,99,0.13926325016869384,-0.197979797979798,0.22226337184119335,0.42424242424242425,0.6295642253689177,-0.4153835633322189,bull_cont_short
15,99,0.3572411758090817,-0.22982216142270862,0.5091094012397195,0.45454545454545453,0.925513095582106,-0.06135229338277493,bull_cont_short
30,99,0.2862430419755901,0.0,0.43171061309817227,0.494949494949495,0.9227002910087613,-0.14687785781178483,bull_cont_short
60,99,1.2020158633408768,0.134029590948651,1.2016668217572866,0.5050505050505051,1.708697705733633,0.5027761763500075,bull_cont_short
1,142,-0.018521626159432928,-0.03562738626803856,-0.4097191719333868,0.45774647887323944,0.48765562300454773,-0.4646350521181576,bear_fade_short
3,142,-0.04469835298813269,-0.08051426054399295,-0.5025500969343702,0.44366197183098594,0.5198652421570104,-0.4459662334160118,bear_fade_short
5,142,-0.14300708017717137,-0.0851672928967615,-1.1802244252942942,0.4507042253521127,0.3817581427326085,-0.5712615577376796,bear_fade_short
10,142,0.0040983935315053585,0.09762268956173009,0.024964801184165858,0.5070422535211268,0.45418511853382243,-0.5158027182461764,bear_fade_short
15,142,-0.903270229605093,-0.07751342625346141,-1.3999000996780626,0.47183098591549294,-0.34873754966872916,-1.3216417830617426,bear_fade_short
30,142,-0.985666364445685,-0.10047110427525704,-1.391128501775736,0.4859154929577465,-0.49324449739704235,-1.4918083165154665,bear_fade_short
60,142,-1.3299268532817128,-0.1935862777008155,-1.8659010091125172,0.4859154929577465,-0.7861607936000858,-1.7739587713232947,bear_fade_short
1,142,0.018521626159432928,0.03562738626803856,0.4097191719333868,0.5211267605633803,0.4646350521181576,-0.48765562300454773,bear_cont_long
3,142,0.04469835298813269,0.08051426054399295,0.5025500969343702,0.5352112676056338,0.4459662334160118,-0.5198652421570104,bear_cont_long
5,142,0.14300708017717137,0.0851672928967615,1.1802244252942942,0.528169014084507,0.5712615577376796,-0.3817581427326085,bear_cont_long
10,142,-0.0040983935315053585,-0.09762268956173009,-0.024964801184165858,0.4859154929577465,0.5158027182461764,-0.45418511853382243,bear_cont_long
15,142,0.903270229605093,0.07751342625346141,1.3999000996780626,0.5211267605633803,1.3216417830617426,0.34873754966872916,bear_cont_long
30,142,0.985666364445685,0.10047110427525704,1.391128501775736,0.5140845070422535,1.4918083165154665,0.49324449739704235,bear_cont_long
60,142,1.3299268532817128,0.1935862777008155,1.8659010091125172,0.5070422535211268,1.7739587713232947,0.7861607936000858,bear_cont_long
