pivot_strength,min_cvd_div,stop_atr,target_atr,max_bars,trades,net_usd,net_points,expectancy_usd,win_rate,avg_win_usd,avg_loss_usd,profit_factor,max_drawdown_usd,sharpe_daily,avg_bars_held,long_trades,short_trades,long_net_usd,short_net_usd,exit_target,exit_stop,exit_time,exit_session
2,250.0,2.0,3.0,30,255,1874.7499999999782,1064.874999999989,7.35196078431364,0.4549019607843137,98.81311576354685,-68.9753340184997,1.1955396122956776,-835.6428571428551,2.037360412824265,15.937254901960785,108,147,1738.9999999999854,135.74999999999272,71,120,61,3
5,250.0,2.0,3.0,60,179,1069.7857142856883,624.3928571428442,5.97645650438932,0.39106145251396646,140.7163265306119,-80.55373525557013,1.121838519422409,-1566.6785714285652,0.8428882269712403,20.078212290502794,82,97,-2338.607142857145,3408.3928571428332,57,102,12,8
2,250.0,1.5,2.5,30,265,904.4642857143044,584.7321428571522,3.413072776280394,0.39622641509433965,92.838775510204,-55.27254464285697,1.102273232076442,-1433.4642857142899,1.1975880614198784,11.426415094339623,111,154,622.9464285714421,281.51785714286234,83,150,31,1
5,500.0,1.0,2.0,60,116,535.1071428571231,325.55357142856155,4.612992610837268,0.33620689655172414,100.71245421245392,-44.06076066790364,1.1577240907416118,-606.4285714285797,1.2040723506584294,6.689655172413793,49,67,-425.6071428571595,960.7142857142826,38,77,0,1
5,250.0,1.5,2.5,60,186,528.6607142857247,357.33035714286234,2.8422619047619606,0.3333333333333333,121.32949308755762,-56.40135368663587,1.0755902576528609,-1543.2857142857174,0.6115073349223815,11.150537634408602,85,101,-1507.107142857145,2035.7678571428696,59,121,1,5
5,500.0,1.5,2.5,60,115,432.339285714319,273.6696428571595,3.7594720496897303,0.3565217391304348,124.85322299651573,-63.333011583011164,1.0922492493865623,-985.8035714285652,0.7649101874288285,10.373913043478261,49,66,-735.0178571428478,1167.3571428571668,39,74,0,2
2,0.0,1.5,2.5,30,559,430.0892857143481,494.54464285717404,0.769390493227814,0.38640429338103754,97.67592592592602,-60.256299458558814,1.0208095192426523,-4646.285714285659,0.2549671918529873,11.336314847942756,249,310,-1411.035714285681,1841.125000000029,172,317,54,16
2,0.0,2.0,3.0,30,519,334.4642857142535,426.73214285712675,0.6444398568675405,0.4296724470134875,107.03187059577195,-79.50555019305031,1.0142121764889764,-5545.107142857123,0.16892778959850682,15.599229287090559,232,287,-1777.821428571464,2112.2857142857174,145,247,104,23
2,250.0,1.5,2.5,60,260,222.69642857144936,241.34821428572468,0.8565247252748053,0.3576923076923077,126.17953149001535,-68.93413173652682,1.019344721036436,-1943.9821428571304,0.210988673856296,13.592307692307692,108,152,-687.3749999999854,910.0714285714348,87,162,2,9
5,250.0,1.0,2.0,60,188,139.14285714281868,163.57142857140934,0.7401215805469079,0.31382978723404253,87.14406779661005,-38.77796234773003,1.0278154584267338,-741.6071428571668,0.24645579075157376,6.526595744680851,85,103,-866.8214285714566,1005.9642857142753,58,128,1,1
5,0.0,1.0,2.0,60,316,107.14285714284779,211.5714285714239,0.3390596745026829,0.3227848101265823,76.26540616246497,-35.8501335113485,1.0139655702142305,-914.6785714285725,0.16220908347169372,6.430379746835443,144,172,-620.0000000000218,727.1428571428696,101,213,0,2
2,0.0,1.5,2.5,60,537,49.232142857203144,293.1160714286016,0.09167996807672839,0.37243947858473,121.28366071428583,-71.83234421364975,1.0020337557722692,-5912.160714285674,0.02647395042636241,14.033519553072626,239,298,-1360.874999999971,1410.107142857174,178,325,7,27
2,250.0,2.0,3.0,60,246,-60.57142857146391,92.71428571426804,-0.24622531939619477,0.3902439024390244,141.94419642857147,-91.2480952380955,0.9955745977737279,-2672.8214285714566,-0.04492003813011745,20.74390243902439,103,143,-697.178571428587,636.6071428571231,83,138,11,14
5,500.0,1.0,2.0,1,117,-76.35714285715221,20.321428571423894,-0.6526251526252326,0.4358974358974359,22.179271708683434,-18.295454545454657,0.9367642709257542,-289.3214285714348,-0.6198701783088272,1.0,50,67,196.99999999998545,-273.35714285713766,2,14,101,0
5,500.0,1.5,2.5,1,117,-79.46428571427532,18.76785714286234,-0.6791819291818404,0.4358974358974359,21.0,-17.431277056276897,0.9309285071244613,-310.4642857142753,-0.6890147350520073,1.0,50,67,210.98214285714494,-290.44642857142026,0,5,112,0
5,500.0,2.0,3.0,1,117,-89.64285714286234,13.67857142856883,-0.7661782661783106,0.4358974358974359,21.0,-17.585497835497915,0.9227644778140152,-320.64285714286234,-0.7706140477880928,1.0,50,67,207.14285714285506,-296.7857142857174,0,2,115,0
3,500.0,2.0,3.0,1,129,-201.5,-36.25,-1.562015503875969,0.4418604651162791,19.359649122807017,-18.125,0.8455938697318007,-521.5,-1.2696520189218288,1.0,47,82,85.5,-287.0,0,0,129,0
3,500.0,1.0,2.0,1,129,-203.64285714286234,-37.32142857143117,-1.5786267995570724,0.4418604651162791,19.359649122807017,-18.154761904761976,0.8442076502732206,-543.5000000000073,-1.3026511772956124,1.0,47,82,100.78571428571013,-304.42857142857247,0,9,120,0
3,500.0,1.5,2.5,1,129,-216.78571428571013,-43.892857142855064,-1.6805094130675204,0.4418604651162791,19.359649122807017,-18.33730158730153,0.8358039385414439,-545.7678571428551,-1.3601049318028104,1.0,47,82,94.48214285714494,-311.26785714285506,0,2,127,0
2,500.0,2.0,3.0,30,138,-224.89285714285506,-43.44642857142753,-1.6296583850931525,0.39855072463768115,105.59805194805205,-72.68416523235804,0.9627215572052715,-1161.25,-0.36777069351228703,16.13768115942029,56,82,480.60714285714494,-705.5,38,67,33,0
3,250.0,2.0,3.0,1,240,-235.7857142857174,2.107142857141298,-0.9824404761904891,0.44583333333333336,18.55607476635514,-16.701396348012914,0.8938516946427411,-623.2857142857174,-0.9935402818739738,1.0,98,142,260.7142857142826,-496.5,0,1,239,0
2,500.0,1.0,2.0,1,154,-239.10714285713038,-42.55357142856519,-1.5526437847865608,0.4025974025974026,25.889400921658954,-20.046195652173754,0.8703499293169948,-382.75,-1.1915711694617375,1.0,60,94,-139.6428571428478,-99.4642857142826,1,15,138,0
3,250.0,1.5,2.5,1,240,-257.32142857142026,-8.660714285710128,-1.0721726190475844,0.44583333333333336,18.55607476635514,-16.86331901181519,0.8852688737081833,-644.8214285714203,-1.0837919753096863,1.0,98,142,268.3214285714348,-525.6428571428551,0,5,235,0
3,250.0,1.0,2.0,60,230,-296.2499999999636,-33.12499999998181,-1.2880434782607113,0.3217391304347826,90.80115830115824,-44.971382783882525,0.9577722910886602,-1532.1071428571304,-0.3961478729124323,7.039130434782609,94,136,463.60714285716676,-759.8571428571304,73,155,0,2
2,500.0,1.5,2.5,1,154,-314.01785714285506,-80.00892857142753,-2.0390769944341236,0.4025974025974026,25.548387096774192,-20.630628881987555,0.8345548457507371,-400.55357142857247,-1.5375064673861647,1.0,60,94,-185.32142857142753,-128.69642857142753,0,4,150,0
5,500.0,1.0,2.0,30,116,-316.3928571428769,-100.19642857143845,-2.727524630542042,0.33620689655172414,78.87912087912059,-44.06076066790364,0.9067424601294749,-817.2142857142899,-1.0358810705872936,6.439655172413793,49,67,-425.6071428571595,109.2142857142826,38,77,1,0
3,250.0,1.0,2.0,1,240,-318.2857142857247,-39.14285714286234,-1.3261904761905194,0.44583333333333336,18.590120160213598,-17.349087003222404,0.8620604259534382,-705.7857142857247,-1.3316571409039961,1.0,98,142,285.1785714285652,-603.4642857142899,1,18,221,0
2,500.0,2.0,3.0,1,154,-335.85714285714494,-90.92857142857247,-2.1808905380334087,0.4025974025974026,25.548387096774192,-20.86801242236027,0.825061388496167,-390.0,-1.60707183497759,1.0,60,94,-211.42857142857247,-124.42857142857247,0,2,152,0
3,250.0,1.0,2.0,30,231,-353.35714285710856,-61.17857142855428,-1.529684601113024,0.329004329004329,77.01033834586461,-40.03963133640528,0.9430633243560579,-950.3214285714203,-0.7079160797620323,6.623376623376624,95,136,437.60714285716676,-790.9642857142753,73,154,4,0
5,250.0,1.0,2.0,1,191,-368.8571428571595,-88.92857142857974,-1.9311892296186361,0.418848167539267,20.25803571428569,-17.923423423423554,0.8145980684306827,-586.0714285714421,-1.95192020288841,1.0,86,105,76.71428571426804,-445.57142857142753,2,28,161,0
5,250.0,2.0,3.0,30,182,-384.53571428573923,-101.26785714286962,-2.112833594976589,0.4010989010989011,105.98287671232846,-74.50720838794236,0.9526508821615125,-2060.3571428571595,-0.3525894808188037,15.554945054945055,85,97,-2074.2142857142826,1689.6785714285434,47,93,37,5
2,250.0,1.0,2.0,30,282,-461.6428571428405,-89.82142857142026,-1.6370314083079451,0.3191489361702128,78.73333333333349,-39.31063988095237,0.9388361550909956,-1322.9642857143044,-0.9108263390519493,6.929078014184397,118,164,-117.99999999998545,-343.64285714285506,82,190,10,0
5,250.0,1.5,2.5,1,191,-476.1249999999927,-142.56249999999636,-2.492801047120381,0.418848167539267,19.50625,-18.347972972972908,0.7662186214938959,-685.1964285714203,-2.4270638935414235,1.0,86,105,38.607142857144936,-514.7321428571377,0,12,179,0
5,250.0,2.0,3.0,1,191,-510.64285714286234,-159.82142857143117,-2.673522812266295,0.418848167539267,19.50625,-18.658944658944705,0.7534487515519364,-741.1428571428623,-2.5497067572470957,1.0,86,105,45.714285714282596,-556.3571428571449,0,4,187,0
5,0.0,1.0,2.0,1,331,-549.6071428571595,-109.30357142857974,-1.660444540353956,0.40483383685800606,19.21641791044776,-15.860949963741927,0.8241036015956248,-935.4642857142826,-2.122399003747385,1.0,150,181,118.46428571426804,-668.0714285714275,5,47,279,0
2,250.0,1.0,2.0,1,298,-589.7142857142608,-145.85714285713038,-1.9789069990411434,0.40268456375838924,20.867857142857126,-17.38121990369166,0.8093918825322131,-783.1785714285579,-2.4537944370437335,1.0,120,178,-278.78571428570285,-310.9285714285579,1,30,267,0
3,0.0,1.0,2.0,60,442,-589.8571428571086,-73.92857142855428,-1.3345184227536393,0.3552036199095023,75.88944494995454,-43.87543859649113,0.9528284103437075,-3044.0714285714203,-0.5473616239276609,7.798642533936651,184,258,-590.714285714268,0.8571428571594879,151,281,0,10
5,250.0,1.5,2.5,30,186,-613.4821428571377,-213.74107142856883,-3.2982910906297724,0.34946236559139787,95.24478021978027,-56.23465171192442,0.9098402817507605,-1977.0178571428405,-0.8363674487830519,9.881720430107526,85,101,-1370.4107142857247,756.928571428587,54,116,13,3
5,250.0,1.0,2.0,30,188,-650.8928571428987,-231.44642857144936,-3.46219604863244,0.324468085106383,70.66510538641673,-39.066647919010386,0.8688103310514534,-1060.321428571442,-1.5937105265988394,6.127659574468085,85,103,-845.357142857174,194.46428571427532,57,127,4,0
5,0.0,2.0,3.0,1,331,-657.6785714285797,-163.33928571428987,-1.9869443245576428,0.40181268882175225,19.394468313641223,-16.349206349206376,0.7968336275375087,-1137.6428571428623,-2.2589690331295884,1.0,150,181,183.6785714285652,-841.3571428571449,1,4,326,0
5,500.0,1.5,2.5,30,115,-659.660714285681,-272.3303571428405,-5.7361801242233135,0.3652173913043478,95.03316326530624,-63.71306262230881,0.858169615947238,-1399.5357142856956,-1.4233932375026173,9.747826086956522,49,66,-696.9285714285652,37.26785714288417,37,72,6,0
2,500.0,1.5,2.5,30,141,-672.4642857142753,-265.73214285713766,-4.769250253292733,0.3546099290780142,96.54214285714275,-60.43485086342212,0.8777242382523329,-1109.9821428571522,-1.3965874652109151,12.085106382978724,56,85,84.17857142857247,-756.6428571428478,39,84,18,0
5,0.0,1.5,2.5,1,331,-678.8928571428478,-173.9464285714239,-2.05103582218383,0.40181268882175225,19.123791621911955,-16.274531024530997,0.7893179349633169,-1103.9642857142826,-2.369666183683943,1.0,150,181,128.58928571428987,-807.4821428571377,2,15,314,0
3,500.0,1.0,2.0,60,127,-704.2499999999782,-288.6249999999891,-5.545275590551009,0.30708661417322836,102.39377289377313,-53.381899350649206,0.8500832490705796,-1651.6785714285797,-1.190516867805762,7.346456692913386,46,81,118.7142857143117,-822.9642857142899,38,87,0,2
3,500.0,1.0,2.0,30,127,-730.3571428571231,-301.67857142856155,-5.750843644544276,0.31496062992125984,78.00892857142881,-44.26108374384224,0.810332034872941,-1105.6428571428623,-2.151008553183501,6.74015748031496,46,81,166.60714285716676,-896.9642857142899,38,86,3,0
2,250.0,1.5,2.5,1,298,-740.4464285714275,-221.22321428571377,-2.484719558964522,0.40268456375838924,20.691666666666666,-18.109249598715884,0.7702935522649341,-831.3571428571449,-3.0482821393734083,1.0,120,178,-384.17857142857247,-356.26785714285506,0,9,289,0
5,0.0,1.0,2.0,30,318,-761.9642857143044,-221.9821428571522,-2.396114106019825,0.3270440251572327,66.12499999999993,-35.69609479305746,0.9002529325684555,-1494.4999999999782,-1.450149561596219,6.09748427672956,145,173,-627.6785714286016,-134.28571428570285,100,213,5,0
2,250.0,2.0,3.0,1,298,-765.5714285714348,-233.7857142857174,-2.569031639501459,0.40268456375838924,20.691666666666666,-18.250401284109184,0.7643359718557593,-828.7857142857174,-3.109543372669677,1.0,120,178,-408.2142857142899,-357.35714285714494,0,4,294,0
5,500.0,2.0,3.0,60,113,-840.5357142857392,-363.7678571428696,-7.438369152971144,0.3893805309734513,130.01542207792178,-95.0900621118014,0.871893268885329,-1710.7857142857029,-1.1102355315045789,19.743362831858406,49,64,-2166.5,1325.9642857142608,36,66,7,4
3,0.0,1.0,2.0,1,485,-937.0000000000146,-226.00000000000728,-1.931958762886628,0.4268041237113402,16.56935817805384,-15.708119218910646,0.7854292070138682,-1266.178571428587,-3.1398538689430957,1.0,197,288,71.32142857142026,-1008.3214285714348,9,45,431,0
3,0.0,1.5,2.5,1,485,-946.2142857142753,-230.60714285713766,-1.9509572901325265,0.4268041237113402,16.517167011732234,-15.702402363823193,0.7832402691701968,-1263.5714285714203,-3.1629838775665666,1.0,197,288,-8.535714285710128,-937.6785714285652,3,15,467,0
5,500.0,2.0,3.0,30,113,-962.0357142857465,-424.51785714287325,-8.513590391909261,0.39823008849557523,93.88174603174573,-76.27521008403389,0.814519238714292,-1426.3571428571595,-1.8817034247607018,15.725663716814159,49,64,-1097.7857142857174,135.7499999999709,31,58,24,0
3,0.0,2.0,3.0,1,485,-994.8214285714348,-254.9107142857174,-2.0511782032400716,0.4268041237113402,16.53467908902692,-15.890287769784198,0.7747999029832636,-1299.1428571428623,-3.323357171623997,1.0,197,288,-21.107142857144936,-973.7142857142899,1,8,476,0
2,500.0,1.0,2.0,30,148,-1017.6428571428551,-434.82142857142753,-6.875965250965237,0.28378378378378377,87.40136054421791,-44.23113207547177,0.7829491613217759,-1138.2499999999927,-2.7818443277263136,6.452702702702703,59,89,-73.5357142857174,-944.1071428571377,39,105,4,0
5,0.0,1.5,2.5,60,304,-1075.714285714268,-385.857142857134,-3.538533834586408,0.34210526315789475,111.04344093406591,-63.121160714285615,0.9147897255420073,-3078.696428571391,-0.7618155491004858,12.407894736842104,139,165,-2041.196428571413,965.4821428571449,97,193,1,13
2,0.0,1.0,2.0,1,688,-1203.8571428571013,-257.92857142855064,-1.7497923588039264,0.4127906976744186,17.359909456740457,-15.183345120226216,0.8037425620364065,-1288.5357142856737,-3.2619501269269584,1.0,296,392,-471.1785714285579,-732.6785714285434,3,90,595,0
2,0.0,2.0,3.0,1,688,-1254.892857142855,-283.44642857142753,-1.8239721760797312,0.41569767441860467,17.693931068931082,-15.709843638948122,0.8012950291240178,-1309.392857142855,-3.0750412290210822,1.0,296,392,-762.5,-492.39285714285506,2,14,672,0
3,250.0,2.0,3.0,30,215,-1345.0357142857174,-565.0178571428587,-6.255980066445197,0.40930232558139534,93.41517857142853,-75.31946006749156,0.8593878343463908,-3418.2500000000073,-1.2702407351926666,15.367441860465116,87,128,102.57142857141298,-1447.6071428571304,59,102,52,2
3,500.0,2.0,3.0,30,124,-1356.2142857142899,-616.1071428571449,-10.937211981566854,0.3548387096774194,103.58603896103904,-73.9250000000001,0.7706773274071207,-1955.0357142857174,-2.4558231235024426,14.766129032258064,46,78,-300.8214285714421,-1055.3928571428478,33,67,24,0
2,0.0,1.5,2.5,1,688,-1373.1607142857101,-342.58035714285506,-1.99587313122923,0.41424418604651164,17.310902255639107,-15.649548032612543,0.782271879132112,-1417.1071428571377,-3.47489666314118,1.0,296,392,-671.5892857142899,-701.5714285714203,1,29,658,0
2,0.0,1.0,2.0,60,606,-1471.7499999999418,-432.8749999999709,-2.4286303630362074,0.3234323432343234,89.75000000000026,-46.494512195121935,0.9227944551546895,-4985.428571428514,-1.0000629214524532,7.897689768976898,266,340,-1723.9285714285434,252.17857142860157,188,402,0,16
2,250.0,1.0,2.0,60,280,-1718.3214285714203,-719.1607142857101,-6.136862244897929,0.3,91.93537414966002,-48.16782069970848,0.8179916397132545,-2308.678571428565,-2.0500811334746833,7.7178571428571425,116,164,-1289.3928571428478,-428.92857142857247,83,192,0,5
2,500.0,1.5,2.5,60,140,-1764.3571428571304,-812.1785714285652,-12.602551020408074,0.32857142857142857,125.1129658385093,-79.99525075987827,0.7653641102364087,-2326.071428571413,-2.4810069765374667,14.207142857142857,55,85,-934.0535714285725,-830.3035714285579,43,92,1,4
2,0.0,2.0,3.0,60,485,-1849.642857142906,-682.321428571453,-3.8136966126657854,0.3958762886597938,135.74479166666663,-95.26499268649454,0.9337345851982061,-6628.6785714285725,-0.822942614761766,20.67216494845361,216,269,-2692.857142857174,843.214285714268,163,266,19,37
2,500.0,1.0,2.0,60,148,-1852.4285714285725,-852.2142857142862,-12.516409266409273,0.2702702702702703,108.44642857142881,-57.317460317460416,0.7007523308409492,-2471.53571428571,-2.7306469947938723,7.20945945945946,59,89,-951.3214285714348,-901.1071428571377,39,106,0,3
2,0.0,1.0,2.0,30,619,-1933.464285714217,-657.2321428571086,-3.123528732979349,0.3263327948303716,79.27369165488001,-43.03776978417261,0.8922666061702414,-4336.678571428507,-1.439314815851277,6.802907915993538,272,347,-1931.035714285681,-2.428571428536088,187,407,16,9
3,250.0,1.5,2.5,30,220,-2065.107142857123,-922.5535714285616,-9.38685064935056,0.36818181818181817,87.04805996472679,-65.58273381294958,0.7734634551495037,-3050.5178571428405,-2.2090171049213474,11.531818181818181,88,132,-625.5535714285434,-1439.5535714285797,68,129,22,1
3,500.0,1.5,2.5,30,126,-2086.9464285714057,-980.4732142857029,-16.563066893423855,0.29365079365079366,95.79150579150607,-63.272271268057644,0.6293979051780758,-2077.4821428571304,-4.5281928913259355,11.15079365079365,46,80,-915.5178571428332,-1171.4285714285725,33,83,10,0
3,0.0,1.0,2.0,30,448,-2348.3571428571086,-950.1785714285543,-5.241868622448903,0.3482142857142857,66.59294871794876,-43.61937377690793,0.8156250701002737,-3520.964285714268,-2.3219686029556272,6.899553571428571,186,262,-1187.3928571428405,-1160.964285714268,149,283,10,6
2,500.0,2.0,3.0,60,135,-2348.857142857145,-1106.9285714285725,-17.398941798941813,0.362962962962963,137.8469387755105,-105.85299003322278,0.7419790187293545,-2969.928571428565,-2.6415202699403646,20.762962962962963,54,81,-1388.4642857142826,-960.3928571428623,42,79,9,5
5,0.0,2.0,3.0,60,285,-2582.392857142877,-1148.6964285714384,-9.061027568922375,0.3894736842105263,113.46814671814656,-87.22619047619048,0.8298522705345827,-3712.5714285714494,-1.6523157292040018,19.92280701754386,134,151,-3250.5000000000146,668.1071428571377,90,162,16,17
3,500.0,1.5,2.5,60,126,-2610.9285714285434,-1242.4642857142717,-20.72165532879796,0.29365079365079366,122.86679536679573,-80.41573033707849,0.6351923192079714,-3137.16071428571,-3.635623159442941,12.857142857142858,46,80,-1632.3392857142608,-978.5892857142826,35,87,0,4
3,250.0,2.0,3.0,60,207,-2623.392857142877,-1208.1964285714384,-12.673395445134672,0.3864734299516908,131.49598214285706,-103.48875140607434,0.8003972761313661,-3884.7142857143044,-1.9863407342936958,19.420289855072465,83,124,-1346.8571428571595,-1276.5357142857174,72,119,6,10
5,0.0,2.0,3.0,30,295,-2643.8928571428696,-1174.4464285714348,-8.962348668280914,0.4033898305084746,99.6755702280911,-82.41639610389608,0.8177290051902253,-4451.107142857167,-1.6624198892787876,15.511864406779662,136,159,-2272.1785714285797,-371.7142857142899,80,148,54,13
5,0.0,1.5,2.5,30,308,-2942.7321428571377,-1317.3660714285688,-9.55432513914655,0.35064935064935066,91.99718915343914,-64.39214285714283,0.7714991292194038,-4604.964285714261,-2.3179720659790366,10.587662337662337,140,168,-1567.6607142857101,-1375.0714285714275,92,188,18,10
3,250.0,1.5,2.5,60,217,-2958.3571428571013,-1370.6785714285506,-13.632982225147932,0.35023041474654376,108.2584586466169,-79.33333333333323,0.7355303823657157,-4276.089285714275,-2.3227745415094385,13.377880184331797,87,130,-1425.285714285681,-1533.0714285714203,73,137,2,5
3,500.0,2.0,3.0,60,122,-2993.178571428587,-1435.5892857142935,-24.534250585480223,0.3360655737704918,139.3022648083625,-107.46384479717838,0.6561371693034849,-3392.5357142857174,-3.7579602174088933,18.0327868852459,45,77,-1953.8571428571595,-1039.3214285714275,37,77,3,5
3,0.0,2.0,3.0,30,397,-4588.57142857142,-2095.78571428571,-11.558114429650933,0.4080604534005038,90.82231040564386,-82.13525835866265,0.7622721805902494,-6036.107142857123,-2.742527845552324,15.7632241813602,162,235,-1290.6785714285797,-3297.8928571428405,111,187,83,16
3,0.0,2.0,3.0,60,372,-5124.03571428571,-2376.017857142855,-13.774289554531478,0.3951612903225806,119.98955296404284,-101.1666666666667,0.7748913469836043,-5810.357142857152,-2.8151753355942946,20.9247311827957,151,221,-1705.0357142857247,-3418.9999999999854,122,205,18,27
3,0.0,1.5,2.5,60,402,-5190.339285714261,-2394.1696428571304,-12.911291755508111,0.3582089552238806,97.49392361111126,-74.53280730897009,0.7300840414170974,-7245.571428571442,-3.2511482971153702,14.281094527363184,163,239,-2718.9107142856956,-2471.428571428565,130,247,6,19
3,0.0,1.5,2.5,30,416,-6132.999999999985,-2858.4999999999927,-14.742788461538426,0.3629807692307692,79.356669820246,-68.3617250673854,0.6614568136833561,-7090.946428571435,-4.370289351798568,11.620192307692308,170,246,-3063.571428571413,-3069.4285714285725,125,242,37,12
