side,signal_type,entry_time,entry_px,exit_time,exit_px,exit_reason,bars_held,gross_points,net_usd,atr_at_entry,session,entry_hour,entry_date
short,bear,2026-06-24 13:58:00,29689.75,2026-06-24 14:20:00,29537.160714285714,target,23,152.58928571428623,304.17857142857247,61.035714285714285,1,13,2026-06-24
short,bear,2026-06-24 16:27:00,29751.75,2026-06-24 16:36:00,29695.5,target,10,56.25,111.5,22.5,1,16,2026-06-24
short,bear,2026-06-25 14:15:00,29546.0,2026-06-25 14:20:00,29651.116071428572,stop,6,-105.11607142857247,-211.23214285714494,69.91071428571429,2,14,2026-06-25
short,bear,2026-06-25 17:04:00,29701.5,2026-06-25 17:10:00,29746.26785714286,stop,7,-44.7678571428587,-90.5357142857174,29.678571428571427,2,17,2026-06-25
short,bear,2026-06-25 18:03:00,29699.25,2026-06-25 18:06:00,29747.366071428572,stop,4,-48.11607142857247,-97.23214285714494,31.910714285714285,2,18,2026-06-25
long,bull,2026-06-25 18:39:00,29792.75,2026-06-25 18:45:00,29748.54464285714,stop,7,-44.2053571428587,-89.4107142857174,29.303571428571427,2,18,2026-06-25
short,bear,2026-06-25 18:57:00,29777.5,2026-06-25 19:03:00,29702.053571428572,target,7,75.44642857142753,149.89285714285506,30.178571428571427,2,18,2026-06-25
long,bull,2026-06-25 19:43:00,29673.75,2026-06-25 19:50:00,29628.95535714286,stop,8,-44.7946428571413,-90.5892857142826,29.696428571428573,2,19,2026-06-25
long,bull,2026-06-25 20:44:00,29777.0,2026-06-25 20:53:00,29757.91964285714,stop,10,-19.080357142858702,-39.160714285717404,12.553571428571429,2,20,2026-06-25
long,bull,2026-06-25 20:57:00,29761.5,2026-06-25 20:59:00,29749.54464285714,stop,3,-11.955357142858702,-24.910714285717404,7.803571428571429,2,20,2026-06-25
long,bull,2026-06-26 19:54:00,29446.25,2026-06-26 19:59:00,29396.901785714286,stop,6,-49.348214285713766,-99.69642857142753,32.732142857142854,3,19,2026-06-26
short,bear,2026-06-29 13:57:00,29645.25,2026-06-29 14:06:00,29501.76785714286,target,10,143.4821428571413,285.9642857142826,57.392857142857146,4,13,2026-06-29
long,bull,2026-06-29 15:28:00,29737.0,2026-06-29 15:51:00,29823.160714285714,target,24,86.16071428571377,171.32142857142753,34.464285714285715,4,15,2026-06-29
short,bear,2026-06-29 15:55:00,29819.75,2026-06-29 16:00:00,29853.75,stop,6,-34.0,-69.0,22.5,4,15,2026-06-29
short,bear,2026-06-29 17:58:00,30009.25,2026-06-29 18:27:00,30000.0,time,30,9.25,17.5,12.857142857142858,4,17,2026-06-29
short,bear,2026-06-30 14:39:00,30394.5,2026-06-30 14:52:00,30336.73214285714,target,14,57.7678571428587,114.5357142857174,23.107142857142858,5,14,2026-06-30
short,bear,2026-06-30 16:31:00,30496.25,2026-06-30 16:42:00,30510.75,stop,12,-14.5,-30.0,9.5,5,16,2026-06-30
long,bull,2026-06-30 17:54:00,30530.0,2026-06-30 18:06:00,30513.464285714286,stop,13,-16.535714285713766,-34.07142857142753,10.857142857142858,5,17,2026-06-30
long,bull,2026-06-30 19:55:00,30572.75,2026-06-30 19:59:00,30547.776785714286,stop,5,-24.973214285713766,-50.94642857142753,16.482142857142858,5,19,2026-06-30
long,bull,2026-06-30 20:04:00,30526.25,2026-06-30 20:33:00,30503.25,time,30,-23.0,-47.0,23.982142857142858,5,20,2026-06-30
short,bear,2026-07-01 18:14:00,30163.5,2026-07-01 18:43:00,30144.0,time,30,19.5,38.0,13.732142857142858,6,18,2026-07-01
long,bull,2026-07-01 19:00:00,30133.0,2026-07-01 19:02:00,30165.45535714286,target,3,32.4553571428587,63.910714285717404,12.982142857142858,6,19,2026-07-01
long,bull,2026-07-02 15:24:00,29670.25,2026-07-02 15:35:00,29777.08035714286,target,12,106.8303571428587,212.6607142857174,42.732142857142854,7,15,2026-07-02
short,bear,2026-07-02 17:11:00,29438.75,2026-07-02 17:17:00,29481.696428571428,stop,7,-42.94642857142753,-86.89285714285506,28.464285714285715,7,17,2026-07-02
short,bear,2026-07-02 17:26:00,29435.25,2026-07-02 17:33:00,29471.3125,stop,8,-36.0625,-73.125,23.875,7,17,2026-07-02
long,bull,2026-07-02 18:03:00,29363.5,2026-07-02 18:05:00,29420.285714285714,target,3,56.785714285713766,112.57142857142753,22.714285714285715,7,18,2026-07-02
long,bull,2026-07-02 19:10:00,29398.0,2026-07-02 19:26:00,29349.10714285714,stop,17,-48.8928571428587,-98.7857142857174,32.42857142857143,7,19,2026-07-02
short,bear,2026-07-02 20:03:00,29546.5,2026-07-02 20:32:00,29548.0,time,30,-1.5,-4.0,29.821428571428573,7,20,2026-07-02
long,bull,2026-07-03 13:32:00,29947.75,2026-07-03 14:01:00,29937.5,time,30,-10.25,-21.5,36.19642857142857,8,13,2026-07-03
short,bear,2026-07-06 19:39:00,30009.5,2026-07-06 19:44:00,30029.464285714286,stop,6,-19.964285714286234,-40.92857142857247,13.142857142857142,9,19,2026-07-06
long,bull,2026-07-06 20:03:00,29960.25,2026-07-06 20:32:00,29961.5,time,30,1.25,1.5,22.446428571428573,9,20,2026-07-06
long,bull,2026-07-07 17:52:00,29549.0,2026-07-07 18:21:00,29548.5,time,30,-0.5,-2.0,16.910714285714285,10,17,2026-07-07
short,bear,2026-07-08 13:51:00,29328.75,2026-07-08 14:20:00,29302.75,time,30,26.0,51.0,44.660714285714285,11,13,2026-07-08
short,bear,2026-07-09 15:31:00,29877.0,2026-07-09 15:50:00,29901.758928571428,stop,20,-24.758928571427532,-50.517857142855064,16.339285714285715,12,15,2026-07-09
short,bear,2026-07-09 16:36:00,29872.75,2026-07-09 16:40:00,29891.0,stop,5,-18.25,-37.5,12.0,12,16,2026-07-09
short,bear,2026-07-09 17:34:00,29971.5,2026-07-09 17:37:00,29985.785714285714,stop,4,-14.285714285713766,-29.571428571427532,9.357142857142858,12,17,2026-07-09
short,bear,2026-07-09 20:04:00,29947.5,2026-07-09 20:33:00,29946.25,time,30,1.25,1.5,18.053571428571427,12,20,2026-07-09
short,bear,2026-07-10 14:17:00,29925.25,2026-07-10 14:21:00,29861.5,target,5,63.75,126.5,25.5,13,14,2026-07-10
short,bear,2026-07-10 14:36:00,29829.5,2026-07-10 14:50:00,29912.25,stop,15,-82.75,-166.5,55.0,13,14,2026-07-10
long,bull,2026-07-10 15:09:00,29855.5,2026-07-10 15:16:00,29934.339285714286,target,8,78.83928571428623,156.67857142857247,31.535714285714285,13,15,2026-07-10
short,bear,2026-07-10 17:50:00,30065.25,2026-07-10 17:56:00,30046.14285714286,target,7,19.107142857141298,37.214285714282596,7.642857142857143,13,17,2026-07-10
short,bear,2026-07-10 19:36:00,30052.25,2026-07-10 19:38:00,30066.616071428572,stop,3,-14.366071428572468,-29.732142857144936,9.410714285714286,13,19,2026-07-10
short,bear,2026-07-13 14:19:00,29560.5,2026-07-13 14:24:00,29627.23214285714,stop,6,-66.7321428571413,-134.4642857142826,44.32142857142857,14,14,2026-07-13
short,bear,2026-07-13 14:34:00,29705.0,2026-07-13 14:44:00,29626.026785714286,target,11,78.97321428571377,156.94642857142753,31.589285714285715,14,14,2026-07-13
short,bear,2026-07-13 14:54:00,29648.0,2026-07-13 14:58:00,29690.785714285714,stop,5,-42.785714285713766,-86.57142857142753,28.357142857142858,14,14,2026-07-13
short,bear,2026-07-13 19:10:00,29478.5,2026-07-13 19:22:00,29438.85714285714,target,13,39.6428571428587,78.2857142857174,15.857142857142858,14,19,2026-07-13
short,bear,2026-07-13 20:03:00,29463.0,2026-07-13 20:16:00,29411.973214285714,target,14,51.026785714286234,101.05357142857247,20.410714285714285,14,20,2026-07-13
short,bear,2026-07-14 17:06:00,29826.0,2026-07-14 17:09:00,29842.696428571428,stop,4,-16.696428571427532,-34.392857142855064,10.964285714285714,15,17,2026-07-14
long,bull,2026-07-15 16:45:00,29445.75,2026-07-15 16:46:00,29496.01785714286,target,2,50.2678571428587,99.5357142857174,20.107142857142858,16,16,2026-07-15
short,bear,2026-07-15 18:17:00,29692.25,2026-07-15 18:20:00,29710.39285714286,stop,4,-18.142857142858702,-37.285714285717404,11.928571428571429,16,18,2026-07-15
long,bull,2026-07-16 13:59:00,29337.25,2026-07-16 14:07:00,29448.410714285714,target,9,111.16071428571377,221.32142857142753,44.464285714285715,17,13,2026-07-16
short,bear,2026-07-17 14:21:00,28831.0,2026-07-17 14:25:00,28887.60714285714,stop,5,-56.6071428571413,-114.2142857142826,37.57142857142857,18,14,2026-07-17
short,bear,2026-07-17 14:29:00,28837.75,2026-07-17 14:40:00,28895.26785714286,stop,12,-57.5178571428587,-116.0357142857174,38.17857142857143,18,14,2026-07-17
long,bull,2026-07-17 18:31:00,28878.0,2026-07-17 18:32:00,28847.64285714286,stop,2,-30.357142857141298,-61.714285714282596,20.071428571428573,18,18,2026-07-17
short,bear,2026-07-17 19:55:00,28837.0,2026-07-17 19:59:00,28774.410714285714,target,5,62.589285714286234,124.17857142857247,25.035714285714285,18,19,2026-07-17
short,bear,2026-07-17 20:49:00,28759.0,2026-07-17 20:56:00,28768.008928571428,stop,8,-9.008928571427532,-19.017857142855064,5.839285714285714,18,20,2026-07-17
short,bear,2026-07-20 15:47:00,29018.5,2026-07-20 15:54:00,29046.6875,stop,8,-28.1875,-57.375,18.625,19,15,2026-07-20
short,bear,2026-07-20 19:46:00,28849.5,2026-07-20 19:54:00,28795.70535714286,target,9,53.7946428571413,106.5892857142826,21.517857142857142,19,19,2026-07-20
short,bear,2026-07-21 14:39:00,29198.5,2026-07-21 14:45:00,29233.116071428572,stop,7,-34.61607142857247,-70.23214285714494,22.910714285714285,20,14,2026-07-21
long,bull,2026-07-21 14:55:00,29230.5,2026-07-21 15:02:00,29196.60714285714,stop,8,-33.8928571428587,-68.7857142857174,22.428571428571427,20,14,2026-07-21
short,bear,2026-07-21 17:11:00,29337.75,2026-07-21 17:40:00,29344.75,time,30,-7.0,-15.0,9.482142857142858,20,17,2026-07-21
long,bull,2026-07-21 18:02:00,29346.5,2026-07-21 18:20:00,29333.3125,stop,19,-13.1875,-27.375,8.625,20,18,2026-07-21
short,bear,2026-07-21 19:54:00,29334.0,2026-07-21 19:54:00,29350.883928571428,stop,1,-16.883928571427532,-34.767857142855064,11.089285714285714,20,19,2026-07-21
long,bull,2026-07-23 14:28:00,28711.5,2026-07-23 14:33:00,28651.758928571428,stop,6,-59.74107142857247,-120.48214285714494,39.660714285714285,22,14,2026-07-23
short,bear,2026-07-23 14:44:00,28643.25,2026-07-23 15:07:00,28529.85714285714,target,24,113.3928571428587,225.7857142857174,45.357142857142854,22,14,2026-07-23
long,bull,2026-07-23 15:18:00,28525.25,2026-07-23 15:22:00,28490.875,stop,5,-34.375,-69.75,22.75,22,15,2026-07-23
long,bull,2026-07-23 15:35:00,28488.5,2026-07-23 15:55:00,28564.214285714286,target,21,75.71428571428623,150.42857142857247,30.285714285714285,22,15,2026-07-23
short,bear,2026-07-23 16:19:00,28636.75,2026-07-23 16:22:00,28666.839285714286,stop,4,-30.089285714286234,-61.17857142857247,19.892857142857142,22,16,2026-07-23
long,bull,2026-07-24 14:04:00,28364.5,2026-07-24 14:19:00,28302.26785714286,stop,16,-62.2321428571413,-125.4642857142826,41.32142857142857,23,14,2026-07-24
short,bear,2026-07-24 16:03:00,28563.75,2026-07-24 16:05:00,28597.0,stop,3,-33.25,-67.5,22.0,23,16,2026-07-24
short,bear,2026-07-24 17:24:00,28467.75,2026-07-24 17:26:00,28495.48214285714,stop,3,-27.732142857141298,-56.464285714282596,18.321428571428573,23,17,2026-07-24
short,bear,2026-07-24 19:01:00,28305.25,2026-07-24 19:07:00,28257.035714285714,target,7,48.214285714286234,95.42857142857247,19.285714285714285,23,19,2026-07-24
short,bear,2026-07-24 19:54:00,28240.5,2026-07-24 19:54:00,28273.9375,stop,1,-33.4375,-67.875,22.125,23,19,2026-07-24
short,bear,2026-07-27 15:10:00,28150.5,2026-07-27 15:18:00,28068.491071428572,target,9,82.00892857142753,163.01785714285506,32.80357142857143,24,15,2026-07-27
short,bear,2026-07-27 19:06:00,28172.25,2026-07-27 19:07:00,28205.20535714286,stop,2,-32.9553571428587,-66.9107142857174,21.803571428571427,24,19,2026-07-27
long,bull,2026-07-28 14:03:00,27730.75,2026-07-28 14:13:00,27652.928571428572,stop,11,-77.82142857142753,-156.64285714285506,51.714285714285715,25,14,2026-07-28
long,bull,2026-07-28 17:59:00,27958.0,2026-07-28 18:11:00,27929.383928571428,stop,13,-28.616071428572468,-58.232142857144936,18.910714285714285,25,17,2026-07-28
long,bull,2026-07-28 19:59:00,27938.75,2026-07-28 20:06:00,27909.973214285714,stop,8,-28.776785714286234,-58.55357142857247,19.017857142857142,25,19,2026-07-28
short,bear,2026-07-28 20:09:00,27919.5,2026-07-28 20:24:00,27961.616071428572,stop,16,-42.11607142857247,-85.23214285714494,27.910714285714285,25,20,2026-07-28
short,bear,2026-07-29 20:43:00,27295.0,2026-07-30 13:41:00,27887.25,session,29,-592.25,-1185.5,25.696428571428573,26,20,2026-07-29
short,bear,2026-07-30 18:18:00,28177.5,2026-07-30 18:30:00,28198.348214285714,stop,13,-20.848214285713766,-42.69642857142753,13.732142857142858,27,18,2026-07-30
short,bear,2026-07-30 20:24:00,28360.5,2026-07-30 20:30:00,28389.0625,stop,7,-28.5625,-58.125,18.875,27,20,2026-07-30
long,bull,2026-07-31 15:38:00,28218.0,2026-07-31 15:42:00,28167.660714285714,stop,5,-50.339285714286234,-101.67857142857247,33.392857142857146,28,15,2026-07-31
short,bear,2026-07-31 16:19:00,28297.5,2026-07-31 16:24:00,28336.026785714286,stop,6,-38.526785714286234,-78.05357142857247,25.517857142857142,28,16,2026-07-31
long,bull,2026-07-31 19:46:00,28485.25,2026-07-31 19:57:00,28460.973214285714,stop,12,-24.276785714286234,-49.55357142857247,16.017857142857142,28,19,2026-07-31
long,bull,2026-08-03 16:36:00,28835.75,2026-08-03 16:37:00,28821.651785714286,stop,2,-14.098214285713766,-29.196428571427532,9.232142857142858,29,16,2026-08-03
long,bull,2026-08-03 19:45:00,28915.25,2026-08-03 19:54:00,28899.0625,stop,10,-16.1875,-33.375,10.625,29,19,2026-08-03
short,bear,2026-08-04 14:37:00,29532.0,2026-08-04 14:38:00,29566.85714285714,stop,2,-34.8571428571413,-70.7142857142826,23.071428571428573,30,14,2026-08-04
short,bear,2026-08-04 16:05:00,29688.0,2026-08-04 16:12:00,29661.526785714286,target,8,26.473214285713766,51.94642857142753,10.589285714285714,30,16,2026-08-04
short,bear,2026-08-04 18:55:00,29880.0,2026-08-04 19:00:00,29899.776785714286,stop,6,-19.776785714286234,-40.55357142857247,13.017857142857142,30,18,2026-08-04
short,bear,2026-08-04 19:50:00,29921.25,2026-08-04 19:52:00,29889.95535714286,target,3,31.294642857141298,61.589285714282596,12.517857142857142,30,19,2026-08-04
long,bull,2026-08-04 20:03:00,29890.25,2026-08-04 20:15:00,29853.33035714286,stop,13,-36.9196428571413,-74.8392857142826,24.446428571428573,30,20,2026-08-04
short,bear,2026-08-05 15:15:00,29838.75,2026-08-05 15:18:00,29775.848214285714,target,4,62.901785714286234,124.80357142857247,25.160714285714285,31,15,2026-08-05
long,bull,2026-08-05 20:28:00,29571.25,2026-08-05 20:56:00,29605.35714285714,target,29,34.1071428571413,67.2142857142826,13.642857142857142,31,20,2026-08-05
short,bear,2026-08-06 13:32:00,29306.75,2026-08-06 13:35:00,29354.410714285714,stop,4,-47.660714285713766,-96.32142857142753,31.607142857142858,32,13,2026-08-06
short,bear,2026-08-06 14:04:00,29491.0,2026-08-06 14:06:00,29546.45535714286,stop,3,-55.4553571428587,-111.9107142857174,36.80357142857143,32,14,2026-08-06
long,bull,2026-08-06 18:20:00,29553.75,2026-08-06 18:38:00,29525.08035714286,stop,19,-28.669642857141298,-58.339285714282596,18.946428571428573,32,18,2026-08-06
long,bull,2026-08-06 20:03:00,29524.75,2026-08-06 20:27:00,29490.241071428572,stop,25,-34.50892857142753,-70.01785714285506,22.839285714285715,32,20,2026-08-06
short,bear,2026-08-07 13:49:00,29744.75,2026-08-07 14:04:00,29620.508928571428,target,16,124.24107142857247,247.48214285714494,49.69642857142857,33,13,2026-08-07
short,bear,2026-08-07 16:24:00,29757.25,2026-08-07 16:25:00,29715.33035714286,target,2,41.9196428571413,82.8392857142826,16.767857142857142,33,16,2026-08-07
long,bull,2026-08-07 18:43:00,29697.5,2026-08-07 18:44:00,29681.04464285714,stop,2,-16.455357142858702,-33.910714285717404,10.803571428571429,33,18,2026-08-07
short,bear,2026-08-07 19:21:00,29808.5,2026-08-07 19:35:00,29775.151785714286,target,15,33.348214285713766,65.69642857142753,13.339285714285714,33,19,2026-08-07
short,bear,2026-08-10 20:32:00,29747.5,2026-08-10 20:44:00,29756.08035714286,stop,13,-8.580357142858702,-18.160714285717404,5.553571428571429,34,20,2026-08-10
long,bull,2026-08-11 15:44:00,29691.0,2026-08-11 15:52:00,29666.1875,stop,9,-24.8125,-50.625,16.375,35,15,2026-08-11
short,bear,2026-08-11 17:29:00,29608.25,2026-08-11 17:35:00,29627.678571428572,stop,7,-19.428571428572468,-39.857142857144936,12.785714285714286,35,17,2026-08-11
short,bear,2026-08-11 20:04:00,29624.0,2026-08-11 20:18:00,29651.276785714286,stop,15,-27.276785714286234,-55.55357142857247,18.017857142857142,35,20,2026-08-11
long,bull,2026-08-12 14:09:00,29910.5,2026-08-12 14:20:00,29869.1875,stop,12,-41.3125,-83.625,27.375,36,14,2026-08-12
long,bull,2026-08-12 14:35:00,29878.25,2026-08-12 15:04:00,29851.0,time,30,-27.25,-55.5,26.767857142857142,36,14,2026-08-12
long,bull,2026-08-13 15:04:00,30198.75,2026-08-13 15:32:00,30173.08035714286,stop,29,-25.669642857141298,-52.339285714282596,16.946428571428573,37,15,2026-08-13
long,bull,2026-08-14 15:44:00,30040.0,2026-08-14 16:00:00,30074.64285714286,target,17,34.6428571428587,68.2857142857174,13.857142857142858,38,15,2026-08-14
long,bull,2026-08-17 16:58:00,30179.0,2026-08-17 17:05:00,30167.3125,stop,8,-11.6875,-24.375,7.625,39,16,2026-08-17
short,bear,2026-08-18 13:33:00,29663.5,2026-08-18 13:35:00,29729.723214285714,stop,3,-66.22321428571377,-133.44642857142753,43.982142857142854,40,13,2026-08-18
long,bull,2026-08-18 15:44:00,29591.5,2026-08-18 15:53:00,29631.14285714286,target,10,39.6428571428587,78.2857142857174,15.857142857142858,40,15,2026-08-18
short,bear,2026-08-18 16:58:00,29652.75,2026-08-18 17:11:00,29620.116071428572,target,14,32.63392857142753,64.26785714285506,13.053571428571429,40,16,2026-08-18
short,bear,2026-08-18 17:36:00,29610.0,2026-08-18 17:55:00,29583.4375,target,20,26.5625,52.125,10.625,40,17,2026-08-18
long,bull,2026-08-18 19:22:00,29568.75,2026-08-18 19:24:00,29586.964285714286,target,3,18.214285714286234,35.42857142857247,7.285714285714286,40,19,2026-08-18
short,bear,2026-08-19 15:27:00,29599.75,2026-08-19 15:40:00,29558.678571428572,target,14,41.07142857142753,81.14285714285506,16.428571428571427,41,15,2026-08-19
short,bear,2026-08-19 20:04:00,29532.75,2026-08-19 20:33:00,29529.0,time,30,3.75,6.5,17.446428571428573,41,20,2026-08-19
long,bull,2026-08-20 14:09:00,29363.0,2026-08-20 14:38:00,29385.0,time,30,22.0,43.0,41.035714285714285,42,14,2026-08-20
short,bear,2026-08-20 14:51:00,29379.25,2026-08-20 15:01:00,29414.375,stop,11,-35.125,-71.25,23.25,42,14,2026-08-20
short,bear,2026-08-20 19:20:00,29271.25,2026-08-20 19:22:00,29286.928571428572,stop,3,-15.678571428572468,-32.357142857144936,10.285714285714286,42,19,2026-08-20
long,bull,2026-08-20 20:55:00,29304.75,2026-08-20 20:59:00,29314.928571428572,target,5,10.178571428572468,19.357142857144936,4.071428571428571,42,20,2026-08-20
short,bear,2026-08-21 14:04:00,29281.75,2026-08-21 14:06:00,29326.008928571428,stop,3,-44.25892857142753,-89.51785714285506,29.339285714285715,43,14,2026-08-21
long,bull,2026-08-21 14:46:00,29307.25,2026-08-21 15:04:00,29362.026785714286,target,19,54.776785714286234,108.55357142857247,21.910714285714285,43,14,2026-08-21
short,bear,2026-08-21 19:43:00,29400.25,2026-08-21 19:45:00,29411.803571428572,stop,3,-11.553571428572468,-24.107142857144936,7.535714285714286,43,19,2026-08-21
short,bear,2026-08-24 14:03:00,28975.75,2026-08-24 14:22:00,29024.26785714286,stop,20,-48.5178571428587,-98.0357142857174,32.17857142857143,44,14,2026-08-24
long,bull,2026-08-24 17:59:00,29122.75,2026-08-24 18:00:00,29147.08035714286,target,2,24.330357142858702,47.660714285717404,9.732142857142858,44,17,2026-08-24
long,bull,2026-08-26 19:34:00,29341.25,2026-08-26 19:37:00,29327.01785714286,stop,4,-14.232142857141298,-29.464285714282596,9.321428571428571,46,19,2026-08-26
short,bear,2026-08-27 19:30:00,29602.0,2026-08-27 19:31:00,29616.258928571428,stop,2,-14.258928571427532,-29.517857142855064,9.339285714285714,47,19,2026-08-27
long,bull,2026-08-28 14:04:00,29609.75,2026-08-28 14:11:00,29556.16964285714,stop,8,-53.5803571428587,-108.1607142857174,35.55357142857143,48,14,2026-08-28
short,bear,2026-08-28 19:35:00,29497.0,2026-08-28 19:40:00,29511.41964285714,stop,6,-14.419642857141298,-29.839285714282596,9.446428571428571,48,19,2026-08-28
long,bull,2026-08-31 13:51:00,29428.75,2026-08-31 14:10:00,29375.464285714286,stop,20,-53.285714285713766,-107.57142857142753,35.357142857142854,49,13,2026-08-31
short,bear,2026-08-31 18:13:00,29444.0,2026-08-31 18:20:00,29459.089285714286,stop,8,-15.089285714286234,-31.178571428572468,9.892857142857142,49,18,2026-08-31
short,bear,2026-08-31 19:18:00,29422.75,2026-08-31 19:23:00,29434.598214285714,stop,6,-11.848214285713766,-24.696428571427532,7.732142857142857,49,19,2026-08-31
short,bear,2026-08-31 20:03:00,29521.5,2026-08-31 20:32:00,29513.25,time,30,8.25,15.5,21.107142857142858,49,20,2026-08-31
short,bear,2026-09-01 14:20:00,29145.0,2026-09-01 14:22:00,29176.535714285714,stop,3,-31.535714285713766,-64.07142857142753,20.857142857142858,50,14,2026-09-01
long,bull,2026-09-01 15:19:00,29193.75,2026-09-01 15:29:00,29226.741071428572,target,11,32.99107142857247,64.98214285714494,13.196428571428571,50,15,2026-09-01
short,bear,2026-09-01 20:04:00,29123.0,2026-09-01 20:16:00,29149.41964285714,stop,13,-26.419642857141298,-53.839285714282596,17.446428571428573,50,20,2026-09-01
long,bull,2026-09-02 14:43:00,29186.25,2026-09-02 14:48:00,29160.660714285714,stop,6,-25.589285714286234,-52.17857142857247,16.892857142857142,51,14,2026-09-02
long,bull,2026-09-02 17:23:00,29143.25,2026-09-02 17:41:00,29127.410714285714,stop,19,-15.839285714286234,-32.67857142857247,10.392857142857142,51,17,2026-09-02
short,bear,2026-09-02 18:38:00,29146.25,2026-09-02 19:06:00,29159.758928571428,stop,29,-13.508928571427532,-28.017857142855064,8.839285714285714,51,18,2026-09-02
short,bear,2026-09-02 20:04:00,29193.25,2026-09-02 20:07:00,29210.803571428572,stop,4,-17.553571428572468,-36.107142857144936,11.535714285714286,51,20,2026-09-02
short,bear,2026-09-03 14:32:00,29327.5,2026-09-03 14:40:00,29276.964285714286,target,9,50.535714285713766,100.07142857142753,20.214285714285715,52,14,2026-09-03
long,bull,2026-09-03 15:00:00,29363.75,2026-09-03 15:04:00,29428.258928571428,target,5,64.50892857142753,128.01785714285506,25.803571428571427,52,15,2026-09-03
short,bear,2026-09-03 18:10:00,29574.25,2026-09-03 18:39:00,29576.25,time,30,-2.0,-5.0,9.696428571428571,52,18,2026-09-03
short,bear,2026-09-03 18:54:00,29569.75,2026-09-03 19:02:00,29552.339285714286,target,9,17.410714285713766,33.82142857142753,6.964285714285714,52,18,2026-09-03
long,bull,2026-09-03 19:59:00,29517.0,2026-09-03 20:28:00,29509.25,time,30,-7.75,-16.5,10.875,52,19,2026-09-03
short,bear,2026-09-04 16:39:00,29559.25,2026-09-04 16:47:00,29571.151785714286,stop,9,-11.901785714286234,-24.803571428572468,7.767857142857143,53,16,2026-09-04
short,bear,2026-09-04 18:34:00,29514.75,2026-09-04 18:46:00,29525.473214285714,stop,13,-10.723214285713766,-22.446428571427532,6.982142857142857,53,18,2026-09-04
long,bull,2026-09-07 14:24:00,29607.5,2026-09-07 14:38:00,29623.348214285714,target,15,15.848214285713766,30.696428571427532,6.339285714285714,54,14,2026-09-07
short,bear,2026-09-08 14:20:00,29479.25,2026-09-08 14:21:00,29513.571428571428,stop,2,-34.32142857142753,-69.64285714285506,22.714285714285715,55,14,2026-09-08
short,bear,2026-09-08 15:05:00,29557.75,2026-09-08 15:10:00,29576.08035714286,stop,6,-18.330357142858702,-37.660714285717404,12.053571428571429,55,15,2026-09-08
short,bear,2026-09-08 15:29:00,29611.25,2026-09-08 15:41:00,29633.785714285714,stop,13,-22.535714285713766,-46.07142857142753,14.857142857142858,55,15,2026-09-08
long,bull,2026-09-08 15:59:00,29605.25,2026-09-08 16:10:00,29586.678571428572,stop,12,-18.571428571427532,-38.142857142855064,12.214285714285714,55,15,2026-09-08
long,bull,2026-09-08 16:24:00,29587.5,2026-09-08 16:28:00,29572.303571428572,stop,5,-15.196428571427532,-31.392857142855064,9.964285714285714,55,16,2026-09-08
long,bull,2026-09-08 18:45:00,29603.0,2026-09-08 18:47:00,29590.45535714286,stop,3,-12.544642857141298,-26.089285714282596,8.196428571428571,55,18,2026-09-08
long,bull,2026-09-09 17:08:00,29464.5,2026-09-09 17:31:00,29446.8125,stop,24,-17.6875,-36.375,11.625,56,17,2026-09-09
long,bull,2026-09-09 19:55:00,29442.25,2026-09-09 19:55:00,29430.08035714286,stop,1,-12.169642857141298,-25.339285714282596,7.946428571428571,56,19,2026-09-09
short,bear,2026-09-10 15:09:00,29247.25,2026-09-10 15:21:00,29203.678571428572,target,13,43.57142857142753,86.14285714285506,17.428571428571427,57,15,2026-09-10
long,bull,2026-09-10 18:19:00,29153.75,2026-09-10 18:22:00,29178.526785714286,target,4,24.776785714286234,48.55357142857247,9.910714285714286,57,18,2026-09-10
long,bull,2026-09-10 19:22:00,29146.0,2026-09-10 19:51:00,29140.5,time,30,-5.5,-12.0,11.357142857142858,57,19,2026-09-10
short,bear,2026-09-10 20:49:00,29149.0,2026-09-10 20:58:00,29138.776785714286,target,10,10.223214285713766,19.446428571427532,4.089285714285714,57,20,2026-09-10
short,bear,2026-09-11 14:33:00,29425.75,2026-09-11 14:38:00,29377.535714285714,target,6,48.214285714286234,95.42857142857247,19.285714285714285,58,14,2026-09-11
short,bear,2026-09-11 15:20:00,29438.75,2026-09-11 15:24:00,29461.76785714286,stop,5,-23.017857142858702,-47.035714285717404,15.178571428571429,58,15,2026-09-11
short,bear,2026-09-11 16:38:00,29416.0,2026-09-11 17:00:00,29438.29464285714,stop,23,-22.294642857141298,-45.589285714282596,14.696428571428571,58,16,2026-09-11
short,bear,2026-09-11 18:34:00,29448.0,2026-09-11 19:03:00,29422.508928571428,target,30,25.491071428572468,49.982142857144936,10.196428571428571,58,18,2026-09-11
short,bear,2026-09-14 19:54:00,29192.25,2026-09-14 19:55:00,29167.785714285714,target,2,24.464285714286234,47.92857142857247,9.785714285714286,59,19,2026-09-14
short,bear,2026-09-15 15:27:00,29289.0,2026-09-15 15:56:00,29287.5,time,30,1.5,2.0,12.732142857142858,60,15,2026-09-15
long,bull,2026-09-16 14:36:00,29441.75,2026-09-16 14:45:00,29474.473214285714,target,10,32.723214285713766,64.44642857142753,13.089285714285714,61,14,2026-09-16
long,bull,2026-09-16 16:16:00,29490.25,2026-09-16 16:21:00,29478.26785714286,stop,6,-11.982142857141298,-24.964285714282596,7.821428571428571,61,16,2026-09-16
long,bull,2026-09-16 16:26:00,29473.25,2026-09-16 16:55:00,29476.5,time,30,3.25,5.5,8.071428571428571,61,16,2026-09-16
long,bull,2026-09-16 17:28:00,29454.75,2026-09-16 17:39:00,29443.946428571428,stop,12,-10.803571428572468,-22.607142857144936,7.035714285714286,61,17,2026-09-16
long,bull,2026-09-16 18:06:00,29521.25,2026-09-16 18:11:00,29474.633928571428,stop,6,-46.61607142857247,-94.23214285714494,30.910714285714285,61,18,2026-09-16
short,bear,2026-09-16 19:45:00,29173.75,2026-09-16 19:46:00,29217.01785714286,stop,2,-43.2678571428587,-87.5357142857174,28.678571428571427,61,19,2026-09-16
short,bear,2026-09-17 15:13:00,29674.25,2026-09-17 15:18:00,29695.928571428572,stop,6,-21.678571428572468,-44.357142857144936,14.285714285714286,62,15,2026-09-17
short,bear,2026-09-17 17:04:00,29746.75,2026-09-17 17:33:00,29727.75,time,30,19.0,37.0,12.267857142857142,62,17,2026-09-17
long,bull,2026-09-18 14:46:00,29712.0,2026-09-18 14:50:00,29744.991071428572,target,5,32.99107142857247,64.98214285714494,13.196428571428571,63,14,2026-09-18
short,bear,2026-09-18 16:22:00,29716.0,2026-09-18 16:23:00,29697.160714285714,target,2,18.839285714286234,36.67857142857247,7.535714285714286,63,16,2026-09-18
short,bear,2026-09-18 18:05:00,29761.5,2026-09-18 18:12:00,29748.866071428572,target,8,12.633928571427532,24.267857142855064,5.053571428571429,63,18,2026-09-18
short,bear,2026-09-18 20:07:00,29944.0,2026-09-18 20:10:00,29969.160714285714,stop,4,-25.160714285713766,-51.32142857142753,16.607142857142858,63,20,2026-09-18
long,bull,2026-09-21 13:33:00,30238.75,2026-09-21 13:41:00,30311.964285714286,target,9,73.21428571428623,145.42857142857247,29.285714285714285,64,13,2026-09-21
short,bear,2026-09-21 15:02:00,30556.5,2026-09-21 15:04:00,30577.241071428572,stop,3,-20.741071428572468,-42.482142857144936,13.660714285714286,64,15,2026-09-21
short,bear,2026-09-21 17:35:00,30675.25,2026-09-21 17:42:00,30689.321428571428,stop,8,-14.071428571427532,-29.142857142855064,9.214285714285714,64,17,2026-09-21
short,bear,2026-09-22 14:37:00,30958.0,2026-09-22 14:39:00,30981.04464285714,stop,3,-23.044642857141298,-47.089285714282596,15.196428571428571,65,14,2026-09-22
long,bull,2026-09-22 14:51:00,30945.0,2026-09-22 15:04:00,30908.026785714286,stop,14,-36.973214285713766,-74.94642857142753,24.482142857142858,65,14,2026-09-22
short,bear,2026-09-22 16:04:00,30905.0,2026-09-22 16:07:00,30920.16964285714,stop,4,-15.169642857141298,-31.339285714282596,9.946428571428571,65,16,2026-09-22
short,bear,2026-09-22 19:57:00,31027.75,2026-09-22 20:26:00,31007.5,time,30,20.25,39.5,11.160714285714286,65,19,2026-09-22
short,bear,2026-09-23 15:26:00,30812.5,2026-09-23 15:29:00,30771.91964285714,target,4,40.5803571428587,80.1607142857174,16.232142857142858,66,15,2026-09-23
short,bear,2026-09-23 19:54:00,30733.25,2026-09-23 19:55:00,30756.026785714286,stop,2,-22.776785714286234,-46.55357142857247,15.017857142857142,66,19,2026-09-23
long,bull,2026-09-24 14:21:00,30600.0,2026-09-24 14:44:00,30571.973214285714,stop,24,-28.026785714286234,-57.05357142857247,18.517857142857142,67,14,2026-09-24
short,bear,2026-09-24 17:01:00,30772.25,2026-09-24 17:03:00,30806.196428571428,stop,3,-33.94642857142753,-68.89285714285506,22.464285714285715,67,17,2026-09-24
short,bear,2026-09-24 17:09:00,30804.5,2026-09-24 17:19:00,30748.741071428572,target,11,55.75892857142753,110.51785714285506,22.303571428571427,67,17,2026-09-24
short,bear,2026-09-24 18:43:00,30734.5,2026-09-24 18:50:00,30762.553571428572,stop,8,-28.053571428572468,-57.107142857144936,18.535714285714285,67,18,2026-09-24
long,bull,2026-09-24 19:15:00,30727.25,2026-09-24 19:18:00,30761.223214285714,target,4,33.973214285713766,66.94642857142753,13.589285714285714,67,19,2026-09-24
short,bear,2026-09-24 19:29:00,30758.75,2026-09-24 19:50:00,30774.83035714286,stop,22,-16.080357142858702,-33.160714285717404,10.553571428571429,67,19,2026-09-24
short,bear,2026-09-25 16:14:00,30931.5,2026-09-25 16:21:00,30874.758928571428,target,8,56.74107142857247,112.48214285714494,22.696428571428573,68,16,2026-09-25
long,bull,2026-09-25 16:53:00,30894.0,2026-09-25 16:59:00,30870.071428571428,stop,7,-23.928571428572468,-48.857142857144936,15.785714285714286,68,16,2026-09-25
long,bull,2026-09-25 19:07:00,30879.25,2026-09-25 19:26:00,30863.89285714286,stop,20,-15.357142857141298,-31.714285714282596,10.071428571428571,68,19,2026-09-25
short,bear,2026-09-28 18:09:00,30630.25,2026-09-28 18:38:00,30599.0,target,30,31.25,61.5,12.5,69,18,2026-09-28
long,bull,2026-09-28 19:06:00,30615.25,2026-09-28 19:07:00,30595.473214285714,stop,2,-19.776785714286234,-40.55357142857247,13.017857142857142,69,19,2026-09-28
short,bear,2026-09-29 14:04:00,30636.75,2026-09-29 14:25:00,30677.098214285714,stop,22,-40.348214285713766,-81.69642857142753,26.732142857142858,70,14,2026-09-29
short,bear,2026-09-29 14:36:00,30688.0,2026-09-29 15:00:00,30635.14285714286,target,25,52.8571428571413,104.7142857142826,21.142857142857142,70,14,2026-09-29
long,bull,2026-09-29 15:51:00,30591.5,2026-09-29 15:54:00,30557.79464285714,stop,4,-33.7053571428587,-68.4107142857174,22.303571428571427,70,15,2026-09-29
long,bull,2026-09-29 16:22:00,30557.75,2026-09-29 16:41:00,30536.5,stop,20,-21.25,-43.5,14.0,70,16,2026-09-29
long,bull,2026-09-29 17:07:00,30534.0,2026-09-29 17:24:00,30563.6875,target,18,29.6875,58.375,11.875,70,17,2026-09-29
short,bear,2026-09-29 19:58:00,30625.0,2026-09-29 20:26:00,30647.66964285714,stop,29,-22.669642857141298,-46.339285714282596,14.946428571428571,70,19,2026-09-29
long,bull,2026-09-30 15:11:00,30848.0,2026-09-30 15:12:00,30818.633928571428,stop,2,-29.366071428572468,-59.732142857144936,19.410714285714285,71,15,2026-09-30
long,bull,2026-09-30 16:17:00,30877.0,2026-09-30 16:17:00,30860.491071428572,stop,1,-16.508928571427532,-34.017857142855064,10.839285714285714,71,16,2026-09-30
long,bull,2026-09-30 18:30:00,30832.5,2026-09-30 18:31:00,30815.08035714286,stop,2,-17.419642857141298,-35.839285714282596,11.446428571428571,71,18,2026-09-30
long,bull,2026-09-30 18:58:00,30812.75,2026-09-30 19:04:00,30838.910714285714,target,7,26.160714285713766,51.32142857142753,10.464285714285714,71,18,2026-09-30
short,bear,2026-09-30 20:32:00,30740.75,2026-09-30 20:48:00,30712.625,target,17,28.125,55.25,11.25,71,20,2026-09-30
short,bear,2026-10-01 15:24:00,30639.25,2026-10-01 15:28:00,30678.875,stop,5,-39.625,-80.25,26.25,72,15,2026-10-01
long,bull,2026-10-01 15:48:00,30573.25,2026-10-01 16:03:00,30633.875,target,16,60.625,120.25,24.25,72,15,2026-10-01
short,bear,2026-10-01 17:51:00,30831.5,2026-10-01 17:57:00,30787.571428571428,target,7,43.92857142857247,86.85714285714494,17.571428571428573,72,17,2026-10-01
short,bear,2026-10-01 19:04:00,30801.75,2026-10-01 19:10:00,30819.866071428572,stop,7,-18.116071428572468,-37.232142857144936,11.910714285714286,72,19,2026-10-01
short,bear,2026-10-02 13:58:00,31160.75,2026-10-02 14:01:00,31207.473214285714,stop,4,-46.723214285713766,-94.44642857142753,30.982142857142858,73,13,2026-10-02
long,bull,2026-10-02 15:29:00,31050.25,2026-10-02 15:58:00,31091.75,time,30,41.5,82.0,26.732142857142858,73,15,2026-10-02
short,bear,2026-10-02 16:21:00,31113.5,2026-10-02 16:24:00,31078.946428571428,target,4,34.55357142857247,68.10714285714494,13.821428571428571,73,16,2026-10-02
short,bear,2026-10-02 16:58:00,31078.0,2026-10-02 17:01:00,31097.160714285714,stop,4,-19.160714285713766,-39.32142857142753,12.607142857142858,73,16,2026-10-02
short,bear,2026-10-02 17:23:00,31045.5,2026-10-02 17:26:00,31011.571428571428,target,4,33.92857142857247,66.85714285714494,13.571428571428571,73,17,2026-10-02
