threshold,kind,low,high,height
0.1,LVN,30765.5,30768.5,3.0
0.1,LVN,30776.0,30784.75,8.75
0.1,LVN,30785.25,30788.5,3.25
0.1,LVN,30791.75,30795.0,3.25
0.1,LVN,30815.25,30819.5,4.25
0.1,LVN,30830.25,30835.0,4.75
0.2,HVN,30916.0,30931.0,15.0
0.2,HVN,30931.75,30934.25,2.5
0.2,HVN,30934.75,30943.0,8.25
0.2,LVN,30763.25,30771.25,8.0
0.2,LVN,30773.5,30799.75,26.25
0.2,LVN,30800.25,30806.25,6.0
0.2,LVN,30813.75,30821.25,7.5
0.2,LVN,30821.75,30824.25,2.5
0.2,LVN,30829.25,30837.0,7.75
0.2,LVN,31064.0,31066.0,2.0
0.3,HVN,30897.75,30903.25,5.5
0.3,HVN,30904.0,30946.5,42.5
0.3,LVN,30763.25,30807.5,44.25
0.3,LVN,30813.25,30825.75,12.5
0.3,LVN,30826.75,30837.75,11.0
0.3,LVN,30863.0,30865.0,2.0
0.3,LVN,30870.25,30872.5,2.25
0.3,LVN,30873.25,30876.0,2.75
0.3,LVN,31051.0,31053.5,2.5
0.3,LVN,31054.0,31056.75,2.75
0.3,LVN,31061.0,31063.0,2.0
0.3,LVN,31063.5,31066.0,2.5
0.45,HVN,30892.0,30950.25,58.25
0.45,HVN,30950.75,30963.5,12.75
0.45,HVN,30972.0,30980.0,8.0
0.45,HVN,30981.0,30986.5,5.5
0.45,LVN,30763.25,30807.75,44.5
0.45,LVN,30810.25,30838.25,28.0
0.45,LVN,30847.75,30849.75,2.0
0.45,LVN,30862.5,30865.25,2.75
0.45,LVN,30870.25,30879.25,9.0
0.45,LVN,31050.25,31058.75,8.5
0.45,LVN,31060.5,31066.0,5.5
